fill	x	key	showSelected1	group
#000000	4.88909297855571	4.88909297855571	train	1
#000000	-1.02254546713084	-1.02254546713084	train	2
#000000	-3.84302221238613	-3.84302221238613	train	3
#000000	-4.30251321289688	-4.30251321289688	train	4
#000000	-2.56250609410927	-2.56250609410927	train	5
#000000	2.92010425822809	2.92010425822809	train	6
#000000	-1.59937647171319	-1.59937647171319	train	7
#000000	4.72062500659376	4.72062500659376	train	8
#000000	-3.34144515451044	-3.34144515451044	train	9
#000000	-0.408963342197239	-0.408963342197239	train	10
#FF0000	-3.28251923201606	-3.28251923201606	test	11
#FF0000	-2.68522898200899	-2.68522898200899	test	12
#FF0000	2.72811945760623	2.72811945760623	test	13
#FF0000	-4.03698458336294	-4.03698458336294	test	14
#FF0000	-0.46552229905501	-0.46552229905501	test	15
#FF0000	-4.15299287065864	-4.15299287065864	test	16
#FF0000	0.606658670585603	0.606658670585603	test	17
#FF0000	-4.91295400075615	-4.91295400075615	test	18
#FF0000	4.85737090697512	4.85737090697512	test	19
#FF0000	-1.83415195904672	-1.83415195904672	test	20
#FF0000	1.3944894191809	1.3944894191809	test	21
#FF0000	-2.04776764614508	-2.04776764614508	test	22
#FF0000	4.96703693876043	4.96703693876043	test	23
#FF0000	4.06021320261061	4.06021320261061	test	24
#FF0000	4.88739144057035	4.88739144057035	test	25
#FF0000	-4.3435426056385	-4.3435426056385	test	26
#FF0000	1.27038758480921	1.27038758480921	test	27
#FF0000	-0.0952495913952589	-0.0952495913952589	test	28
#FF0000	4.71024412894622	4.71024412894622	test	29
#FF0000	-1.37779152486473	-1.37779152486473	test	30
#FF0000	1.79993461119011	1.79993461119011	test	31
#FF0000	-2.36280069686472	-2.36280069686472	test	32
#FF0000	-3.14285738626495	-3.14285738626495	test	33
#FF0000	-3.14856778364629	-3.14856778364629	test	34
#FF0000	-1.20703253429383	-1.20703253429383	test	35
#FF0000	3.47024392103776	3.47024392103776	test	36
#FF0000	-0.0192386656999588	-0.0192386656999588	test	37
#FF0000	2.90585573529825	2.90585573529825	test	38
#FF0000	3.38463871972635	3.38463871972635	test	39
#FF0000	-0.430961351376027	-0.430961351376027	test	40
#FF0000	2.994758146815	2.994758146815	test	41
#FF0000	-1.18056938750669	-1.18056938750669	test	42
#FF0000	2.59701231494546	2.59701231494546	test	43
#FF0000	-0.632243978325278	-0.632243978325278	test	44
#FF0000	4.0421772073023	4.0421772073023	test	45
#FF0000	-1.80465086130425	-1.80465086130425	test	46
#FF0000	-4.17430907255039	-4.17430907255039	test	47
#FF0000	3.16289079375565	3.16289079375565	test	48
#FF0000	3.98476220667362	3.98476220667362	test	49
#FF0000	4.66496397741139	4.66496397741139	test	50
#FF0000	0.730688830371946	0.730688830371946	test	51
#FF0000	2.20079496502876	2.20079496502876	test	52
#FF0000	2.74058624170721	2.74058624170721	test	53
#FF0000	1.27760800532997	1.27760800532997	test	54
#FF0000	2.22989341476932	2.22989341476932	test	55
#FF0000	-1.13168721087277	-1.13168721087277	test	56
#FF0000	-3.37209222139791	-3.37209222139791	test	57
#FF0000	-3.12771716620773	-3.12771716620773	test	58
#FF0000	-1.08750525861979	-1.08750525861979	test	59
#FF0000	-2.26098790299147	-2.26098790299147	test	60
#FF0000	-3.08082251809537	-3.08082251809537	test	61
#FF0000	0.0439180643297732	0.0439180643297732	test	62
#FF0000	2.63840356841683	2.63840356841683	test	63
#FF0000	1.93668870721012	1.93668870721012	test	64
#FF0000	0.440541882999241	0.440541882999241	test	65
#FF0000	1.59087226260453	1.59087226260453	test	66
#FF0000	-0.312716199550778	-0.312716199550778	test	67
#FF0000	-0.181944610085338	-0.181944610085338	test	68
#FF0000	-1.62936401553452	-1.62936401553452	test	69
#FF0000	-0.754736983217299	-0.754736983217299	test	70
#FF0000	-2.12984869023785	-2.12984869023785	test	71
#FF0000	1.0119153209962	1.0119153209962	test	72
#FF0000	3.40742326341569	3.40742326341569	test	73
#FF0000	1.20837047696114	1.20837047696114	test	74
#FF0000	-3.65448380820453	-3.65448380820453	test	75
#FF0000	0.677224295213819	0.677224295213819	test	76
#FF0000	-0.565736689604819	-0.565736689604819	test	77
#FF0000	-0.620245772879571	-0.620245772879571	test	78
#FF0000	1.23617232544348	1.23617232544348	test	79
#FF0000	4.32653341908008	4.32653341908008	test	80
#FF0000	3.88492583297193	3.88492583297193	test	81
#FF0000	3.78540561068803	3.78540561068803	test	82
#FF0000	-2.57823052350432	-2.57823052350432	test	83
#FF0000	2.41453797090799	2.41453797090799	test	84
#FF0000	-1.12343686632812	-1.12343686632812	test	85
#FF0000	-4.21048261225224	-4.21048261225224	test	86
#FF0000	-4.05164449941367	-4.05164449941367	test	87
#FF0000	2.62142731109634	2.62142731109634	test	88
#FF0000	-1.52105974266306	-1.52105974266306	test	89
#FF0000	-0.832332910504192	-0.832332910504192	test	90
#FF0000	-1.55983769334853	-1.55983769334853	test	91
#FF0000	-4.91589077282697	-4.91589077282697	test	92
#FF0000	4.11574990721419	4.11574990721419	test	93
#FF0000	-3.17794581409544	-3.17794581409544	test	94
#FF0000	2.22803449025378	2.22803449025378	test	95
#FF0000	0.719633307307959	0.719633307307959	test	96
#FF0000	0.400364135857672	0.400364135857672	test	97
#FF0000	-1.45052584586665	-1.45052584586665	test	98
#FF0000	3.24091838207096	3.24091838207096	test	99
#FF0000	-3.13863238785416	-3.13863238785416	test	100
#000000	4.88909297855571	4.88909297855571	train	101
#000000	-1.02254546713084	-1.02254546713084	train	102
#000000	-3.84302221238613	-3.84302221238613	train	103
#000000	-4.30251321289688	-4.30251321289688	train	104
#000000	-2.56250609410927	-2.56250609410927	train	105
#000000	2.92010425822809	2.92010425822809	train	106
#000000	-1.59937647171319	-1.59937647171319	train	107
#000000	4.72062500659376	4.72062500659376	train	108
#000000	-3.34144515451044	-3.34144515451044	train	109
#000000	-0.408963342197239	-0.408963342197239	train	110
#FF0000	-3.28251923201606	-3.28251923201606	test	111
#FF0000	-2.68522898200899	-2.68522898200899	test	112
#FF0000	2.72811945760623	2.72811945760623	test	113
#FF0000	-4.03698458336294	-4.03698458336294	test	114
#FF0000	-0.46552229905501	-0.46552229905501	test	115
#FF0000	-4.15299287065864	-4.15299287065864	test	116
#FF0000	0.606658670585603	0.606658670585603	test	117
#FF0000	-4.91295400075615	-4.91295400075615	test	118
#FF0000	4.85737090697512	4.85737090697512	test	119
#FF0000	-1.83415195904672	-1.83415195904672	test	120
#FF0000	1.3944894191809	1.3944894191809	test	121
#FF0000	-2.04776764614508	-2.04776764614508	test	122
#FF0000	4.96703693876043	4.96703693876043	test	123
#FF0000	4.06021320261061	4.06021320261061	test	124
#FF0000	4.88739144057035	4.88739144057035	test	125
#FF0000	-4.3435426056385	-4.3435426056385	test	126
#FF0000	1.27038758480921	1.27038758480921	test	127
#FF0000	-0.0952495913952589	-0.0952495913952589	test	128
#FF0000	4.71024412894622	4.71024412894622	test	129
#FF0000	-1.37779152486473	-1.37779152486473	test	130
#FF0000	1.79993461119011	1.79993461119011	test	131
#FF0000	-2.36280069686472	-2.36280069686472	test	132
#FF0000	-3.14285738626495	-3.14285738626495	test	133
#FF0000	-3.14856778364629	-3.14856778364629	test	134
#FF0000	-1.20703253429383	-1.20703253429383	test	135
#FF0000	3.47024392103776	3.47024392103776	test	136
#FF0000	-0.0192386656999588	-0.0192386656999588	test	137
#FF0000	2.90585573529825	2.90585573529825	test	138
#FF0000	3.38463871972635	3.38463871972635	test	139
#FF0000	-0.430961351376027	-0.430961351376027	test	140
#FF0000	2.994758146815	2.994758146815	test	141
#FF0000	-1.18056938750669	-1.18056938750669	test	142
#FF0000	2.59701231494546	2.59701231494546	test	143
#FF0000	-0.632243978325278	-0.632243978325278	test	144
#FF0000	4.0421772073023	4.0421772073023	test	145
#FF0000	-1.80465086130425	-1.80465086130425	test	146
#FF0000	-4.17430907255039	-4.17430907255039	test	147
#FF0000	3.16289079375565	3.16289079375565	test	148
#FF0000	3.98476220667362	3.98476220667362	test	149
#FF0000	4.66496397741139	4.66496397741139	test	150
#FF0000	0.730688830371946	0.730688830371946	test	151
#FF0000	2.20079496502876	2.20079496502876	test	152
#FF0000	2.74058624170721	2.74058624170721	test	153
#FF0000	1.27760800532997	1.27760800532997	test	154
#FF0000	2.22989341476932	2.22989341476932	test	155
#FF0000	-1.13168721087277	-1.13168721087277	test	156
#FF0000	-3.37209222139791	-3.37209222139791	test	157
#FF0000	-3.12771716620773	-3.12771716620773	test	158
#FF0000	-1.08750525861979	-1.08750525861979	test	159
#FF0000	-2.26098790299147	-2.26098790299147	test	160
#FF0000	-3.08082251809537	-3.08082251809537	test	161
#FF0000	0.0439180643297732	0.0439180643297732	test	162
#FF0000	2.63840356841683	2.63840356841683	test	163
#FF0000	1.93668870721012	1.93668870721012	test	164
#FF0000	0.440541882999241	0.440541882999241	test	165
#FF0000	1.59087226260453	1.59087226260453	test	166
#FF0000	-0.312716199550778	-0.312716199550778	test	167
#FF0000	-0.181944610085338	-0.181944610085338	test	168
#FF0000	-1.62936401553452	-1.62936401553452	test	169
#FF0000	-0.754736983217299	-0.754736983217299	test	170
#FF0000	-2.12984869023785	-2.12984869023785	test	171
#FF0000	1.0119153209962	1.0119153209962	test	172
#FF0000	3.40742326341569	3.40742326341569	test	173
#FF0000	1.20837047696114	1.20837047696114	test	174
#FF0000	-3.65448380820453	-3.65448380820453	test	175
#FF0000	0.677224295213819	0.677224295213819	test	176
#FF0000	-0.565736689604819	-0.565736689604819	test	177
#FF0000	-0.620245772879571	-0.620245772879571	test	178
#FF0000	1.23617232544348	1.23617232544348	test	179
#FF0000	4.32653341908008	4.32653341908008	test	180
#FF0000	3.88492583297193	3.88492583297193	test	181
#FF0000	3.78540561068803	3.78540561068803	test	182
#FF0000	-2.57823052350432	-2.57823052350432	test	183
#FF0000	2.41453797090799	2.41453797090799	test	184
#FF0000	-1.12343686632812	-1.12343686632812	test	185
#FF0000	-4.21048261225224	-4.21048261225224	test	186
#FF0000	-4.05164449941367	-4.05164449941367	test	187
#FF0000	2.62142731109634	2.62142731109634	test	188
#FF0000	-1.52105974266306	-1.52105974266306	test	189
#FF0000	-0.832332910504192	-0.832332910504192	test	190
#FF0000	-1.55983769334853	-1.55983769334853	test	191
#FF0000	-4.91589077282697	-4.91589077282697	test	192
#FF0000	4.11574990721419	4.11574990721419	test	193
#FF0000	-3.17794581409544	-3.17794581409544	test	194
#FF0000	2.22803449025378	2.22803449025378	test	195
#FF0000	0.719633307307959	0.719633307307959	test	196
#FF0000	0.400364135857672	0.400364135857672	test	197
#FF0000	-1.45052584586665	-1.45052584586665	test	198
#FF0000	3.24091838207096	3.24091838207096	test	199
#FF0000	-3.13863238785416	-3.13863238785416	test	200
#000000	4.88909297855571	4.88909297855571	train	201
#000000	-1.02254546713084	-1.02254546713084	train	202
#000000	-3.84302221238613	-3.84302221238613	train	203
#000000	-4.30251321289688	-4.30251321289688	train	204
#000000	-2.56250609410927	-2.56250609410927	train	205
#000000	2.92010425822809	2.92010425822809	train	206
#000000	-1.59937647171319	-1.59937647171319	train	207
#000000	4.72062500659376	4.72062500659376	train	208
#000000	-3.34144515451044	-3.34144515451044	train	209
#000000	-0.408963342197239	-0.408963342197239	train	210
#FF0000	-3.28251923201606	-3.28251923201606	test	211
#FF0000	-2.68522898200899	-2.68522898200899	test	212
#FF0000	2.72811945760623	2.72811945760623	test	213
#FF0000	-4.03698458336294	-4.03698458336294	test	214
#FF0000	-0.46552229905501	-0.46552229905501	test	215
#FF0000	-4.15299287065864	-4.15299287065864	test	216
#FF0000	0.606658670585603	0.606658670585603	test	217
#FF0000	-4.91295400075615	-4.91295400075615	test	218
#FF0000	4.85737090697512	4.85737090697512	test	219
#FF0000	-1.83415195904672	-1.83415195904672	test	220
#FF0000	1.3944894191809	1.3944894191809	test	221
#FF0000	-2.04776764614508	-2.04776764614508	test	222
#FF0000	4.96703693876043	4.96703693876043	test	223
#FF0000	4.06021320261061	4.06021320261061	test	224
#FF0000	4.88739144057035	4.88739144057035	test	225
#FF0000	-4.3435426056385	-4.3435426056385	test	226
#FF0000	1.27038758480921	1.27038758480921	test	227
#FF0000	-0.0952495913952589	-0.0952495913952589	test	228
#FF0000	4.71024412894622	4.71024412894622	test	229
#FF0000	-1.37779152486473	-1.37779152486473	test	230
#FF0000	1.79993461119011	1.79993461119011	test	231
#FF0000	-2.36280069686472	-2.36280069686472	test	232
#FF0000	-3.14285738626495	-3.14285738626495	test	233
#FF0000	-3.14856778364629	-3.14856778364629	test	234
#FF0000	-1.20703253429383	-1.20703253429383	test	235
#FF0000	3.47024392103776	3.47024392103776	test	236
#FF0000	-0.0192386656999588	-0.0192386656999588	test	237
#FF0000	2.90585573529825	2.90585573529825	test	238
#FF0000	3.38463871972635	3.38463871972635	test	239
#FF0000	-0.430961351376027	-0.430961351376027	test	240
#FF0000	2.994758146815	2.994758146815	test	241
#FF0000	-1.18056938750669	-1.18056938750669	test	242
#FF0000	2.59701231494546	2.59701231494546	test	243
#FF0000	-0.632243978325278	-0.632243978325278	test	244
#FF0000	4.0421772073023	4.0421772073023	test	245
#FF0000	-1.80465086130425	-1.80465086130425	test	246
#FF0000	-4.17430907255039	-4.17430907255039	test	247
#FF0000	3.16289079375565	3.16289079375565	test	248
#FF0000	3.98476220667362	3.98476220667362	test	249
#FF0000	4.66496397741139	4.66496397741139	test	250
#FF0000	0.730688830371946	0.730688830371946	test	251
#FF0000	2.20079496502876	2.20079496502876	test	252
#FF0000	2.74058624170721	2.74058624170721	test	253
#FF0000	1.27760800532997	1.27760800532997	test	254
#FF0000	2.22989341476932	2.22989341476932	test	255
#FF0000	-1.13168721087277	-1.13168721087277	test	256
#FF0000	-3.37209222139791	-3.37209222139791	test	257
#FF0000	-3.12771716620773	-3.12771716620773	test	258
#FF0000	-1.08750525861979	-1.08750525861979	test	259
#FF0000	-2.26098790299147	-2.26098790299147	test	260
#FF0000	-3.08082251809537	-3.08082251809537	test	261
#FF0000	0.0439180643297732	0.0439180643297732	test	262
#FF0000	2.63840356841683	2.63840356841683	test	263
#FF0000	1.93668870721012	1.93668870721012	test	264
#FF0000	0.440541882999241	0.440541882999241	test	265
#FF0000	1.59087226260453	1.59087226260453	test	266
#FF0000	-0.312716199550778	-0.312716199550778	test	267
#FF0000	-0.181944610085338	-0.181944610085338	test	268
#FF0000	-1.62936401553452	-1.62936401553452	test	269
#FF0000	-0.754736983217299	-0.754736983217299	test	270
#FF0000	-2.12984869023785	-2.12984869023785	test	271
#FF0000	1.0119153209962	1.0119153209962	test	272
#FF0000	3.40742326341569	3.40742326341569	test	273
#FF0000	1.20837047696114	1.20837047696114	test	274
#FF0000	-3.65448380820453	-3.65448380820453	test	275
#FF0000	0.677224295213819	0.677224295213819	test	276
#FF0000	-0.565736689604819	-0.565736689604819	test	277
#FF0000	-0.620245772879571	-0.620245772879571	test	278
#FF0000	1.23617232544348	1.23617232544348	test	279
#FF0000	4.32653341908008	4.32653341908008	test	280
#FF0000	3.88492583297193	3.88492583297193	test	281
#FF0000	3.78540561068803	3.78540561068803	test	282
#FF0000	-2.57823052350432	-2.57823052350432	test	283
#FF0000	2.41453797090799	2.41453797090799	test	284
#FF0000	-1.12343686632812	-1.12343686632812	test	285
#FF0000	-4.21048261225224	-4.21048261225224	test	286
#FF0000	-4.05164449941367	-4.05164449941367	test	287
#FF0000	2.62142731109634	2.62142731109634	test	288
#FF0000	-1.52105974266306	-1.52105974266306	test	289
#FF0000	-0.832332910504192	-0.832332910504192	test	290
#FF0000	-1.55983769334853	-1.55983769334853	test	291
#FF0000	-4.91589077282697	-4.91589077282697	test	292
#FF0000	4.11574990721419	4.11574990721419	test	293
#FF0000	-3.17794581409544	-3.17794581409544	test	294
#FF0000	2.22803449025378	2.22803449025378	test	295
#FF0000	0.719633307307959	0.719633307307959	test	296
#FF0000	0.400364135857672	0.400364135857672	test	297
#FF0000	-1.45052584586665	-1.45052584586665	test	298
#FF0000	3.24091838207096	3.24091838207096	test	299
#FF0000	-3.13863238785416	-3.13863238785416	test	300
#000000	4.88909297855571	4.88909297855571	train	301
#000000	-1.02254546713084	-1.02254546713084	train	302
#000000	-3.84302221238613	-3.84302221238613	train	303
#000000	-4.30251321289688	-4.30251321289688	train	304
#000000	-2.56250609410927	-2.56250609410927	train	305
#000000	2.92010425822809	2.92010425822809	train	306
#000000	-1.59937647171319	-1.59937647171319	train	307
#000000	4.72062500659376	4.72062500659376	train	308
#000000	-3.34144515451044	-3.34144515451044	train	309
#000000	-0.408963342197239	-0.408963342197239	train	310
#FF0000	-3.28251923201606	-3.28251923201606	test	311
#FF0000	-2.68522898200899	-2.68522898200899	test	312
#FF0000	2.72811945760623	2.72811945760623	test	313
#FF0000	-4.03698458336294	-4.03698458336294	test	314
#FF0000	-0.46552229905501	-0.46552229905501	test	315
#FF0000	-4.15299287065864	-4.15299287065864	test	316
#FF0000	0.606658670585603	0.606658670585603	test	317
#FF0000	-4.91295400075615	-4.91295400075615	test	318
#FF0000	4.85737090697512	4.85737090697512	test	319
#FF0000	-1.83415195904672	-1.83415195904672	test	320
#FF0000	1.3944894191809	1.3944894191809	test	321
#FF0000	-2.04776764614508	-2.04776764614508	test	322
#FF0000	4.96703693876043	4.96703693876043	test	323
#FF0000	4.06021320261061	4.06021320261061	test	324
#FF0000	4.88739144057035	4.88739144057035	test	325
#FF0000	-4.3435426056385	-4.3435426056385	test	326
#FF0000	1.27038758480921	1.27038758480921	test	327
#FF0000	-0.0952495913952589	-0.0952495913952589	test	328
#FF0000	4.71024412894622	4.71024412894622	test	329
#FF0000	-1.37779152486473	-1.37779152486473	test	330
#FF0000	1.79993461119011	1.79993461119011	test	331
#FF0000	-2.36280069686472	-2.36280069686472	test	332
#FF0000	-3.14285738626495	-3.14285738626495	test	333
#FF0000	-3.14856778364629	-3.14856778364629	test	334
#FF0000	-1.20703253429383	-1.20703253429383	test	335
#FF0000	3.47024392103776	3.47024392103776	test	336
#FF0000	-0.0192386656999588	-0.0192386656999588	test	337
#FF0000	2.90585573529825	2.90585573529825	test	338
#FF0000	3.38463871972635	3.38463871972635	test	339
#FF0000	-0.430961351376027	-0.430961351376027	test	340
#FF0000	2.994758146815	2.994758146815	test	341
#FF0000	-1.18056938750669	-1.18056938750669	test	342
#FF0000	2.59701231494546	2.59701231494546	test	343
#FF0000	-0.632243978325278	-0.632243978325278	test	344
#FF0000	4.0421772073023	4.0421772073023	test	345
#FF0000	-1.80465086130425	-1.80465086130425	test	346
#FF0000	-4.17430907255039	-4.17430907255039	test	347
#FF0000	3.16289079375565	3.16289079375565	test	348
#FF0000	3.98476220667362	3.98476220667362	test	349
#FF0000	4.66496397741139	4.66496397741139	test	350
#FF0000	0.730688830371946	0.730688830371946	test	351
#FF0000	2.20079496502876	2.20079496502876	test	352
#FF0000	2.74058624170721	2.74058624170721	test	353
#FF0000	1.27760800532997	1.27760800532997	test	354
#FF0000	2.22989341476932	2.22989341476932	test	355
#FF0000	-1.13168721087277	-1.13168721087277	test	356
#FF0000	-3.37209222139791	-3.37209222139791	test	357
#FF0000	-3.12771716620773	-3.12771716620773	test	358
#FF0000	-1.08750525861979	-1.08750525861979	test	359
#FF0000	-2.26098790299147	-2.26098790299147	test	360
#FF0000	-3.08082251809537	-3.08082251809537	test	361
#FF0000	0.0439180643297732	0.0439180643297732	test	362
#FF0000	2.63840356841683	2.63840356841683	test	363
#FF0000	1.93668870721012	1.93668870721012	test	364
#FF0000	0.440541882999241	0.440541882999241	test	365
#FF0000	1.59087226260453	1.59087226260453	test	366
#FF0000	-0.312716199550778	-0.312716199550778	test	367
#FF0000	-0.181944610085338	-0.181944610085338	test	368
#FF0000	-1.62936401553452	-1.62936401553452	test	369
#FF0000	-0.754736983217299	-0.754736983217299	test	370
#FF0000	-2.12984869023785	-2.12984869023785	test	371
#FF0000	1.0119153209962	1.0119153209962	test	372
#FF0000	3.40742326341569	3.40742326341569	test	373
#FF0000	1.20837047696114	1.20837047696114	test	374
#FF0000	-3.65448380820453	-3.65448380820453	test	375
#FF0000	0.677224295213819	0.677224295213819	test	376
#FF0000	-0.565736689604819	-0.565736689604819	test	377
#FF0000	-0.620245772879571	-0.620245772879571	test	378
#FF0000	1.23617232544348	1.23617232544348	test	379
#FF0000	4.32653341908008	4.32653341908008	test	380
#FF0000	3.88492583297193	3.88492583297193	test	381
#FF0000	3.78540561068803	3.78540561068803	test	382
#FF0000	-2.57823052350432	-2.57823052350432	test	383
#FF0000	2.41453797090799	2.41453797090799	test	384
#FF0000	-1.12343686632812	-1.12343686632812	test	385
#FF0000	-4.21048261225224	-4.21048261225224	test	386
#FF0000	-4.05164449941367	-4.05164449941367	test	387
#FF0000	2.62142731109634	2.62142731109634	test	388
#FF0000	-1.52105974266306	-1.52105974266306	test	389
#FF0000	-0.832332910504192	-0.832332910504192	test	390
#FF0000	-1.55983769334853	-1.55983769334853	test	391
#FF0000	-4.91589077282697	-4.91589077282697	test	392
#FF0000	4.11574990721419	4.11574990721419	test	393
#FF0000	-3.17794581409544	-3.17794581409544	test	394
#FF0000	2.22803449025378	2.22803449025378	test	395
#FF0000	0.719633307307959	0.719633307307959	test	396
#FF0000	0.400364135857672	0.400364135857672	test	397
#FF0000	-1.45052584586665	-1.45052584586665	test	398
#FF0000	3.24091838207096	3.24091838207096	test	399
#FF0000	-3.13863238785416	-3.13863238785416	test	400
#000000	4.88909297855571	4.88909297855571	train	401
#000000	-1.02254546713084	-1.02254546713084	train	402
#000000	-3.84302221238613	-3.84302221238613	train	403
#000000	-4.30251321289688	-4.30251321289688	train	404
#000000	-2.56250609410927	-2.56250609410927	train	405
#000000	2.92010425822809	2.92010425822809	train	406
#000000	-1.59937647171319	-1.59937647171319	train	407
#000000	4.72062500659376	4.72062500659376	train	408
#000000	-3.34144515451044	-3.34144515451044	train	409
#000000	-0.408963342197239	-0.408963342197239	train	410
#FF0000	-3.28251923201606	-3.28251923201606	test	411
#FF0000	-2.68522898200899	-2.68522898200899	test	412
#FF0000	2.72811945760623	2.72811945760623	test	413
#FF0000	-4.03698458336294	-4.03698458336294	test	414
#FF0000	-0.46552229905501	-0.46552229905501	test	415
#FF0000	-4.15299287065864	-4.15299287065864	test	416
#FF0000	0.606658670585603	0.606658670585603	test	417
#FF0000	-4.91295400075615	-4.91295400075615	test	418
#FF0000	4.85737090697512	4.85737090697512	test	419
#FF0000	-1.83415195904672	-1.83415195904672	test	420
#FF0000	1.3944894191809	1.3944894191809	test	421
#FF0000	-2.04776764614508	-2.04776764614508	test	422
#FF0000	4.96703693876043	4.96703693876043	test	423
#FF0000	4.06021320261061	4.06021320261061	test	424
#FF0000	4.88739144057035	4.88739144057035	test	425
#FF0000	-4.3435426056385	-4.3435426056385	test	426
#FF0000	1.27038758480921	1.27038758480921	test	427
#FF0000	-0.0952495913952589	-0.0952495913952589	test	428
#FF0000	4.71024412894622	4.71024412894622	test	429
#FF0000	-1.37779152486473	-1.37779152486473	test	430
#FF0000	1.79993461119011	1.79993461119011	test	431
#FF0000	-2.36280069686472	-2.36280069686472	test	432
#FF0000	-3.14285738626495	-3.14285738626495	test	433
#FF0000	-3.14856778364629	-3.14856778364629	test	434
#FF0000	-1.20703253429383	-1.20703253429383	test	435
#FF0000	3.47024392103776	3.47024392103776	test	436
#FF0000	-0.0192386656999588	-0.0192386656999588	test	437
#FF0000	2.90585573529825	2.90585573529825	test	438
#FF0000	3.38463871972635	3.38463871972635	test	439
#FF0000	-0.430961351376027	-0.430961351376027	test	440
#FF0000	2.994758146815	2.994758146815	test	441
#FF0000	-1.18056938750669	-1.18056938750669	test	442
#FF0000	2.59701231494546	2.59701231494546	test	443
#FF0000	-0.632243978325278	-0.632243978325278	test	444
#FF0000	4.0421772073023	4.0421772073023	test	445
#FF0000	-1.80465086130425	-1.80465086130425	test	446
#FF0000	-4.17430907255039	-4.17430907255039	test	447
#FF0000	3.16289079375565	3.16289079375565	test	448
#FF0000	3.98476220667362	3.98476220667362	test	449
#FF0000	4.66496397741139	4.66496397741139	test	450
#FF0000	0.730688830371946	0.730688830371946	test	451
#FF0000	2.20079496502876	2.20079496502876	test	452
#FF0000	2.74058624170721	2.74058624170721	test	453
#FF0000	1.27760800532997	1.27760800532997	test	454
#FF0000	2.22989341476932	2.22989341476932	test	455
#FF0000	-1.13168721087277	-1.13168721087277	test	456
#FF0000	-3.37209222139791	-3.37209222139791	test	457
#FF0000	-3.12771716620773	-3.12771716620773	test	458
#FF0000	-1.08750525861979	-1.08750525861979	test	459
#FF0000	-2.26098790299147	-2.26098790299147	test	460
#FF0000	-3.08082251809537	-3.08082251809537	test	461
#FF0000	0.0439180643297732	0.0439180643297732	test	462
#FF0000	2.63840356841683	2.63840356841683	test	463
#FF0000	1.93668870721012	1.93668870721012	test	464
#FF0000	0.440541882999241	0.440541882999241	test	465
#FF0000	1.59087226260453	1.59087226260453	test	466
#FF0000	-0.312716199550778	-0.312716199550778	test	467
#FF0000	-0.181944610085338	-0.181944610085338	test	468
#FF0000	-1.62936401553452	-1.62936401553452	test	469
#FF0000	-0.754736983217299	-0.754736983217299	test	470
#FF0000	-2.12984869023785	-2.12984869023785	test	471
#FF0000	1.0119153209962	1.0119153209962	test	472
#FF0000	3.40742326341569	3.40742326341569	test	473
#FF0000	1.20837047696114	1.20837047696114	test	474
#FF0000	-3.65448380820453	-3.65448380820453	test	475
#FF0000	0.677224295213819	0.677224295213819	test	476
#FF0000	-0.565736689604819	-0.565736689604819	test	477
#FF0000	-0.620245772879571	-0.620245772879571	test	478
#FF0000	1.23617232544348	1.23617232544348	test	479
#FF0000	4.32653341908008	4.32653341908008	test	480
#FF0000	3.88492583297193	3.88492583297193	test	481
#FF0000	3.78540561068803	3.78540561068803	test	482
#FF0000	-2.57823052350432	-2.57823052350432	test	483
#FF0000	2.41453797090799	2.41453797090799	test	484
#FF0000	-1.12343686632812	-1.12343686632812	test	485
#FF0000	-4.21048261225224	-4.21048261225224	test	486
#FF0000	-4.05164449941367	-4.05164449941367	test	487
#FF0000	2.62142731109634	2.62142731109634	test	488
#FF0000	-1.52105974266306	-1.52105974266306	test	489
#FF0000	-0.832332910504192	-0.832332910504192	test	490
#FF0000	-1.55983769334853	-1.55983769334853	test	491
#FF0000	-4.91589077282697	-4.91589077282697	test	492
#FF0000	4.11574990721419	4.11574990721419	test	493
#FF0000	-3.17794581409544	-3.17794581409544	test	494
#FF0000	2.22803449025378	2.22803449025378	test	495
#FF0000	0.719633307307959	0.719633307307959	test	496
#FF0000	0.400364135857672	0.400364135857672	test	497
#FF0000	-1.45052584586665	-1.45052584586665	test	498
#FF0000	3.24091838207096	3.24091838207096	test	499
#FF0000	-3.13863238785416	-3.13863238785416	test	500
#000000	4.88909297855571	4.88909297855571	train	501
#000000	-1.02254546713084	-1.02254546713084	train	502
#000000	-3.84302221238613	-3.84302221238613	train	503
#000000	-4.30251321289688	-4.30251321289688	train	504
#000000	-2.56250609410927	-2.56250609410927	train	505
#000000	2.92010425822809	2.92010425822809	train	506
#000000	-1.59937647171319	-1.59937647171319	train	507
#000000	4.72062500659376	4.72062500659376	train	508
#000000	-3.34144515451044	-3.34144515451044	train	509
#000000	-0.408963342197239	-0.408963342197239	train	510
#FF0000	-3.28251923201606	-3.28251923201606	test	511
#FF0000	-2.68522898200899	-2.68522898200899	test	512
#FF0000	2.72811945760623	2.72811945760623	test	513
#FF0000	-4.03698458336294	-4.03698458336294	test	514
#FF0000	-0.46552229905501	-0.46552229905501	test	515
#FF0000	-4.15299287065864	-4.15299287065864	test	516
#FF0000	0.606658670585603	0.606658670585603	test	517
#FF0000	-4.91295400075615	-4.91295400075615	test	518
#FF0000	4.85737090697512	4.85737090697512	test	519
#FF0000	-1.83415195904672	-1.83415195904672	test	520
#FF0000	1.3944894191809	1.3944894191809	test	521
#FF0000	-2.04776764614508	-2.04776764614508	test	522
#FF0000	4.96703693876043	4.96703693876043	test	523
#FF0000	4.06021320261061	4.06021320261061	test	524
#FF0000	4.88739144057035	4.88739144057035	test	525
#FF0000	-4.3435426056385	-4.3435426056385	test	526
#FF0000	1.27038758480921	1.27038758480921	test	527
#FF0000	-0.0952495913952589	-0.0952495913952589	test	528
#FF0000	4.71024412894622	4.71024412894622	test	529
#FF0000	-1.37779152486473	-1.37779152486473	test	530
#FF0000	1.79993461119011	1.79993461119011	test	531
#FF0000	-2.36280069686472	-2.36280069686472	test	532
#FF0000	-3.14285738626495	-3.14285738626495	test	533
#FF0000	-3.14856778364629	-3.14856778364629	test	534
#FF0000	-1.20703253429383	-1.20703253429383	test	535
#FF0000	3.47024392103776	3.47024392103776	test	536
#FF0000	-0.0192386656999588	-0.0192386656999588	test	537
#FF0000	2.90585573529825	2.90585573529825	test	538
#FF0000	3.38463871972635	3.38463871972635	test	539
#FF0000	-0.430961351376027	-0.430961351376027	test	540
#FF0000	2.994758146815	2.994758146815	test	541
#FF0000	-1.18056938750669	-1.18056938750669	test	542
#FF0000	2.59701231494546	2.59701231494546	test	543
#FF0000	-0.632243978325278	-0.632243978325278	test	544
#FF0000	4.0421772073023	4.0421772073023	test	545
#FF0000	-1.80465086130425	-1.80465086130425	test	546
#FF0000	-4.17430907255039	-4.17430907255039	test	547
#FF0000	3.16289079375565	3.16289079375565	test	548
#FF0000	3.98476220667362	3.98476220667362	test	549
#FF0000	4.66496397741139	4.66496397741139	test	550
#FF0000	0.730688830371946	0.730688830371946	test	551
#FF0000	2.20079496502876	2.20079496502876	test	552
#FF0000	2.74058624170721	2.74058624170721	test	553
#FF0000	1.27760800532997	1.27760800532997	test	554
#FF0000	2.22989341476932	2.22989341476932	test	555
#FF0000	-1.13168721087277	-1.13168721087277	test	556
#FF0000	-3.37209222139791	-3.37209222139791	test	557
#FF0000	-3.12771716620773	-3.12771716620773	test	558
#FF0000	-1.08750525861979	-1.08750525861979	test	559
#FF0000	-2.26098790299147	-2.26098790299147	test	560
#FF0000	-3.08082251809537	-3.08082251809537	test	561
#FF0000	0.0439180643297732	0.0439180643297732	test	562
#FF0000	2.63840356841683	2.63840356841683	test	563
#FF0000	1.93668870721012	1.93668870721012	test	564
#FF0000	0.440541882999241	0.440541882999241	test	565
#FF0000	1.59087226260453	1.59087226260453	test	566
#FF0000	-0.312716199550778	-0.312716199550778	test	567
#FF0000	-0.181944610085338	-0.181944610085338	test	568
#FF0000	-1.62936401553452	-1.62936401553452	test	569
#FF0000	-0.754736983217299	-0.754736983217299	test	570
#FF0000	-2.12984869023785	-2.12984869023785	test	571
#FF0000	1.0119153209962	1.0119153209962	test	572
#FF0000	3.40742326341569	3.40742326341569	test	573
#FF0000	1.20837047696114	1.20837047696114	test	574
#FF0000	-3.65448380820453	-3.65448380820453	test	575
#FF0000	0.677224295213819	0.677224295213819	test	576
#FF0000	-0.565736689604819	-0.565736689604819	test	577
#FF0000	-0.620245772879571	-0.620245772879571	test	578
#FF0000	1.23617232544348	1.23617232544348	test	579
#FF0000	4.32653341908008	4.32653341908008	test	580
#FF0000	3.88492583297193	3.88492583297193	test	581
#FF0000	3.78540561068803	3.78540561068803	test	582
#FF0000	-2.57823052350432	-2.57823052350432	test	583
#FF0000	2.41453797090799	2.41453797090799	test	584
#FF0000	-1.12343686632812	-1.12343686632812	test	585
#FF0000	-4.21048261225224	-4.21048261225224	test	586
#FF0000	-4.05164449941367	-4.05164449941367	test	587
#FF0000	2.62142731109634	2.62142731109634	test	588
#FF0000	-1.52105974266306	-1.52105974266306	test	589
#FF0000	-0.832332910504192	-0.832332910504192	test	590
#FF0000	-1.55983769334853	-1.55983769334853	test	591
#FF0000	-4.91589077282697	-4.91589077282697	test	592
#FF0000	4.11574990721419	4.11574990721419	test	593
#FF0000	-3.17794581409544	-3.17794581409544	test	594
#FF0000	2.22803449025378	2.22803449025378	test	595
#FF0000	0.719633307307959	0.719633307307959	test	596
#FF0000	0.400364135857672	0.400364135857672	test	597
#FF0000	-1.45052584586665	-1.45052584586665	test	598
#FF0000	3.24091838207096	3.24091838207096	test	599
#FF0000	-3.13863238785416	-3.13863238785416	test	600
#000000	4.88909297855571	4.88909297855571	train	601
#000000	-1.02254546713084	-1.02254546713084	train	602
#000000	-3.84302221238613	-3.84302221238613	train	603
#000000	-4.30251321289688	-4.30251321289688	train	604
#000000	-2.56250609410927	-2.56250609410927	train	605
#000000	2.92010425822809	2.92010425822809	train	606
#000000	-1.59937647171319	-1.59937647171319	train	607
#000000	4.72062500659376	4.72062500659376	train	608
#000000	-3.34144515451044	-3.34144515451044	train	609
#000000	-0.408963342197239	-0.408963342197239	train	610
#FF0000	-3.28251923201606	-3.28251923201606	test	611
#FF0000	-2.68522898200899	-2.68522898200899	test	612
#FF0000	2.72811945760623	2.72811945760623	test	613
#FF0000	-4.03698458336294	-4.03698458336294	test	614
#FF0000	-0.46552229905501	-0.46552229905501	test	615
#FF0000	-4.15299287065864	-4.15299287065864	test	616
#FF0000	0.606658670585603	0.606658670585603	test	617
#FF0000	-4.91295400075615	-4.91295400075615	test	618
#FF0000	4.85737090697512	4.85737090697512	test	619
#FF0000	-1.83415195904672	-1.83415195904672	test	620
#FF0000	1.3944894191809	1.3944894191809	test	621
#FF0000	-2.04776764614508	-2.04776764614508	test	622
#FF0000	4.96703693876043	4.96703693876043	test	623
#FF0000	4.06021320261061	4.06021320261061	test	624
#FF0000	4.88739144057035	4.88739144057035	test	625
#FF0000	-4.3435426056385	-4.3435426056385	test	626
#FF0000	1.27038758480921	1.27038758480921	test	627
#FF0000	-0.0952495913952589	-0.0952495913952589	test	628
#FF0000	4.71024412894622	4.71024412894622	test	629
#FF0000	-1.37779152486473	-1.37779152486473	test	630
#FF0000	1.79993461119011	1.79993461119011	test	631
#FF0000	-2.36280069686472	-2.36280069686472	test	632
#FF0000	-3.14285738626495	-3.14285738626495	test	633
#FF0000	-3.14856778364629	-3.14856778364629	test	634
#FF0000	-1.20703253429383	-1.20703253429383	test	635
#FF0000	3.47024392103776	3.47024392103776	test	636
#FF0000	-0.0192386656999588	-0.0192386656999588	test	637
#FF0000	2.90585573529825	2.90585573529825	test	638
#FF0000	3.38463871972635	3.38463871972635	test	639
#FF0000	-0.430961351376027	-0.430961351376027	test	640
#FF0000	2.994758146815	2.994758146815	test	641
#FF0000	-1.18056938750669	-1.18056938750669	test	642
#FF0000	2.59701231494546	2.59701231494546	test	643
#FF0000	-0.632243978325278	-0.632243978325278	test	644
#FF0000	4.0421772073023	4.0421772073023	test	645
#FF0000	-1.80465086130425	-1.80465086130425	test	646
#FF0000	-4.17430907255039	-4.17430907255039	test	647
#FF0000	3.16289079375565	3.16289079375565	test	648
#FF0000	3.98476220667362	3.98476220667362	test	649
#FF0000	4.66496397741139	4.66496397741139	test	650
#FF0000	0.730688830371946	0.730688830371946	test	651
#FF0000	2.20079496502876	2.20079496502876	test	652
#FF0000	2.74058624170721	2.74058624170721	test	653
#FF0000	1.27760800532997	1.27760800532997	test	654
#FF0000	2.22989341476932	2.22989341476932	test	655
#FF0000	-1.13168721087277	-1.13168721087277	test	656
#FF0000	-3.37209222139791	-3.37209222139791	test	657
#FF0000	-3.12771716620773	-3.12771716620773	test	658
#FF0000	-1.08750525861979	-1.08750525861979	test	659
#FF0000	-2.26098790299147	-2.26098790299147	test	660
#FF0000	-3.08082251809537	-3.08082251809537	test	661
#FF0000	0.0439180643297732	0.0439180643297732	test	662
#FF0000	2.63840356841683	2.63840356841683	test	663
#FF0000	1.93668870721012	1.93668870721012	test	664
#FF0000	0.440541882999241	0.440541882999241	test	665
#FF0000	1.59087226260453	1.59087226260453	test	666
#FF0000	-0.312716199550778	-0.312716199550778	test	667
#FF0000	-0.181944610085338	-0.181944610085338	test	668
#FF0000	-1.62936401553452	-1.62936401553452	test	669
#FF0000	-0.754736983217299	-0.754736983217299	test	670
#FF0000	-2.12984869023785	-2.12984869023785	test	671
#FF0000	1.0119153209962	1.0119153209962	test	672
#FF0000	3.40742326341569	3.40742326341569	test	673
#FF0000	1.20837047696114	1.20837047696114	test	674
#FF0000	-3.65448380820453	-3.65448380820453	test	675
#FF0000	0.677224295213819	0.677224295213819	test	676
#FF0000	-0.565736689604819	-0.565736689604819	test	677
#FF0000	-0.620245772879571	-0.620245772879571	test	678
#FF0000	1.23617232544348	1.23617232544348	test	679
#FF0000	4.32653341908008	4.32653341908008	test	680
#FF0000	3.88492583297193	3.88492583297193	test	681
#FF0000	3.78540561068803	3.78540561068803	test	682
#FF0000	-2.57823052350432	-2.57823052350432	test	683
#FF0000	2.41453797090799	2.41453797090799	test	684
#FF0000	-1.12343686632812	-1.12343686632812	test	685
#FF0000	-4.21048261225224	-4.21048261225224	test	686
#FF0000	-4.05164449941367	-4.05164449941367	test	687
#FF0000	2.62142731109634	2.62142731109634	test	688
#FF0000	-1.52105974266306	-1.52105974266306	test	689
#FF0000	-0.832332910504192	-0.832332910504192	test	690
#FF0000	-1.55983769334853	-1.55983769334853	test	691
#FF0000	-4.91589077282697	-4.91589077282697	test	692
#FF0000	4.11574990721419	4.11574990721419	test	693
#FF0000	-3.17794581409544	-3.17794581409544	test	694
#FF0000	2.22803449025378	2.22803449025378	test	695
#FF0000	0.719633307307959	0.719633307307959	test	696
#FF0000	0.400364135857672	0.400364135857672	test	697
#FF0000	-1.45052584586665	-1.45052584586665	test	698
#FF0000	3.24091838207096	3.24091838207096	test	699
#FF0000	-3.13863238785416	-3.13863238785416	test	700
#000000	4.88909297855571	4.88909297855571	train	701
#000000	-1.02254546713084	-1.02254546713084	train	702
#000000	-3.84302221238613	-3.84302221238613	train	703
#000000	-4.30251321289688	-4.30251321289688	train	704
#000000	-2.56250609410927	-2.56250609410927	train	705
#000000	2.92010425822809	2.92010425822809	train	706
#000000	-1.59937647171319	-1.59937647171319	train	707
#000000	4.72062500659376	4.72062500659376	train	708
#000000	-3.34144515451044	-3.34144515451044	train	709
#000000	-0.408963342197239	-0.408963342197239	train	710
#FF0000	-3.28251923201606	-3.28251923201606	test	711
#FF0000	-2.68522898200899	-2.68522898200899	test	712
#FF0000	2.72811945760623	2.72811945760623	test	713
#FF0000	-4.03698458336294	-4.03698458336294	test	714
#FF0000	-0.46552229905501	-0.46552229905501	test	715
#FF0000	-4.15299287065864	-4.15299287065864	test	716
#FF0000	0.606658670585603	0.606658670585603	test	717
#FF0000	-4.91295400075615	-4.91295400075615	test	718
#FF0000	4.85737090697512	4.85737090697512	test	719
#FF0000	-1.83415195904672	-1.83415195904672	test	720
#FF0000	1.3944894191809	1.3944894191809	test	721
#FF0000	-2.04776764614508	-2.04776764614508	test	722
#FF0000	4.96703693876043	4.96703693876043	test	723
#FF0000	4.06021320261061	4.06021320261061	test	724
#FF0000	4.88739144057035	4.88739144057035	test	725
#FF0000	-4.3435426056385	-4.3435426056385	test	726
#FF0000	1.27038758480921	1.27038758480921	test	727
#FF0000	-0.0952495913952589	-0.0952495913952589	test	728
#FF0000	4.71024412894622	4.71024412894622	test	729
#FF0000	-1.37779152486473	-1.37779152486473	test	730
#FF0000	1.79993461119011	1.79993461119011	test	731
#FF0000	-2.36280069686472	-2.36280069686472	test	732
#FF0000	-3.14285738626495	-3.14285738626495	test	733
#FF0000	-3.14856778364629	-3.14856778364629	test	734
#FF0000	-1.20703253429383	-1.20703253429383	test	735
#FF0000	3.47024392103776	3.47024392103776	test	736
#FF0000	-0.0192386656999588	-0.0192386656999588	test	737
#FF0000	2.90585573529825	2.90585573529825	test	738
#FF0000	3.38463871972635	3.38463871972635	test	739
#FF0000	-0.430961351376027	-0.430961351376027	test	740
#FF0000	2.994758146815	2.994758146815	test	741
#FF0000	-1.18056938750669	-1.18056938750669	test	742
#FF0000	2.59701231494546	2.59701231494546	test	743
#FF0000	-0.632243978325278	-0.632243978325278	test	744
#FF0000	4.0421772073023	4.0421772073023	test	745
#FF0000	-1.80465086130425	-1.80465086130425	test	746
#FF0000	-4.17430907255039	-4.17430907255039	test	747
#FF0000	3.16289079375565	3.16289079375565	test	748
#FF0000	3.98476220667362	3.98476220667362	test	749
#FF0000	4.66496397741139	4.66496397741139	test	750
#FF0000	0.730688830371946	0.730688830371946	test	751
#FF0000	2.20079496502876	2.20079496502876	test	752
#FF0000	2.74058624170721	2.74058624170721	test	753
#FF0000	1.27760800532997	1.27760800532997	test	754
#FF0000	2.22989341476932	2.22989341476932	test	755
#FF0000	-1.13168721087277	-1.13168721087277	test	756
#FF0000	-3.37209222139791	-3.37209222139791	test	757
#FF0000	-3.12771716620773	-3.12771716620773	test	758
#FF0000	-1.08750525861979	-1.08750525861979	test	759
#FF0000	-2.26098790299147	-2.26098790299147	test	760
#FF0000	-3.08082251809537	-3.08082251809537	test	761
#FF0000	0.0439180643297732	0.0439180643297732	test	762
#FF0000	2.63840356841683	2.63840356841683	test	763
#FF0000	1.93668870721012	1.93668870721012	test	764
#FF0000	0.440541882999241	0.440541882999241	test	765
#FF0000	1.59087226260453	1.59087226260453	test	766
#FF0000	-0.312716199550778	-0.312716199550778	test	767
#FF0000	-0.181944610085338	-0.181944610085338	test	768
#FF0000	-1.62936401553452	-1.62936401553452	test	769
#FF0000	-0.754736983217299	-0.754736983217299	test	770
#FF0000	-2.12984869023785	-2.12984869023785	test	771
#FF0000	1.0119153209962	1.0119153209962	test	772
#FF0000	3.40742326341569	3.40742326341569	test	773
#FF0000	1.20837047696114	1.20837047696114	test	774
#FF0000	-3.65448380820453	-3.65448380820453	test	775
#FF0000	0.677224295213819	0.677224295213819	test	776
#FF0000	-0.565736689604819	-0.565736689604819	test	777
#FF0000	-0.620245772879571	-0.620245772879571	test	778
#FF0000	1.23617232544348	1.23617232544348	test	779
#FF0000	4.32653341908008	4.32653341908008	test	780
#FF0000	3.88492583297193	3.88492583297193	test	781
#FF0000	3.78540561068803	3.78540561068803	test	782
#FF0000	-2.57823052350432	-2.57823052350432	test	783
#FF0000	2.41453797090799	2.41453797090799	test	784
#FF0000	-1.12343686632812	-1.12343686632812	test	785
#FF0000	-4.21048261225224	-4.21048261225224	test	786
#FF0000	-4.05164449941367	-4.05164449941367	test	787
#FF0000	2.62142731109634	2.62142731109634	test	788
#FF0000	-1.52105974266306	-1.52105974266306	test	789
#FF0000	-0.832332910504192	-0.832332910504192	test	790
#FF0000	-1.55983769334853	-1.55983769334853	test	791
#FF0000	-4.91589077282697	-4.91589077282697	test	792
#FF0000	4.11574990721419	4.11574990721419	test	793
#FF0000	-3.17794581409544	-3.17794581409544	test	794
#FF0000	2.22803449025378	2.22803449025378	test	795
#FF0000	0.719633307307959	0.719633307307959	test	796
#FF0000	0.400364135857672	0.400364135857672	test	797
#FF0000	-1.45052584586665	-1.45052584586665	test	798
#FF0000	3.24091838207096	3.24091838207096	test	799
#FF0000	-3.13863238785416	-3.13863238785416	test	800
#000000	4.88909297855571	4.88909297855571	train	801
#000000	-1.02254546713084	-1.02254546713084	train	802
#000000	-3.84302221238613	-3.84302221238613	train	803
#000000	-4.30251321289688	-4.30251321289688	train	804
#000000	-2.56250609410927	-2.56250609410927	train	805
#000000	2.92010425822809	2.92010425822809	train	806
#000000	-1.59937647171319	-1.59937647171319	train	807
#000000	4.72062500659376	4.72062500659376	train	808
#000000	-3.34144515451044	-3.34144515451044	train	809
#000000	-0.408963342197239	-0.408963342197239	train	810
#FF0000	-3.28251923201606	-3.28251923201606	test	811
#FF0000	-2.68522898200899	-2.68522898200899	test	812
#FF0000	2.72811945760623	2.72811945760623	test	813
#FF0000	-4.03698458336294	-4.03698458336294	test	814
#FF0000	-0.46552229905501	-0.46552229905501	test	815
#FF0000	-4.15299287065864	-4.15299287065864	test	816
#FF0000	0.606658670585603	0.606658670585603	test	817
#FF0000	-4.91295400075615	-4.91295400075615	test	818
#FF0000	4.85737090697512	4.85737090697512	test	819
#FF0000	-1.83415195904672	-1.83415195904672	test	820
#FF0000	1.3944894191809	1.3944894191809	test	821
#FF0000	-2.04776764614508	-2.04776764614508	test	822
#FF0000	4.96703693876043	4.96703693876043	test	823
#FF0000	4.06021320261061	4.06021320261061	test	824
#FF0000	4.88739144057035	4.88739144057035	test	825
#FF0000	-4.3435426056385	-4.3435426056385	test	826
#FF0000	1.27038758480921	1.27038758480921	test	827
#FF0000	-0.0952495913952589	-0.0952495913952589	test	828
#FF0000	4.71024412894622	4.71024412894622	test	829
#FF0000	-1.37779152486473	-1.37779152486473	test	830
#FF0000	1.79993461119011	1.79993461119011	test	831
#FF0000	-2.36280069686472	-2.36280069686472	test	832
#FF0000	-3.14285738626495	-3.14285738626495	test	833
#FF0000	-3.14856778364629	-3.14856778364629	test	834
#FF0000	-1.20703253429383	-1.20703253429383	test	835
#FF0000	3.47024392103776	3.47024392103776	test	836
#FF0000	-0.0192386656999588	-0.0192386656999588	test	837
#FF0000	2.90585573529825	2.90585573529825	test	838
#FF0000	3.38463871972635	3.38463871972635	test	839
#FF0000	-0.430961351376027	-0.430961351376027	test	840
#FF0000	2.994758146815	2.994758146815	test	841
#FF0000	-1.18056938750669	-1.18056938750669	test	842
#FF0000	2.59701231494546	2.59701231494546	test	843
#FF0000	-0.632243978325278	-0.632243978325278	test	844
#FF0000	4.0421772073023	4.0421772073023	test	845
#FF0000	-1.80465086130425	-1.80465086130425	test	846
#FF0000	-4.17430907255039	-4.17430907255039	test	847
#FF0000	3.16289079375565	3.16289079375565	test	848
#FF0000	3.98476220667362	3.98476220667362	test	849
#FF0000	4.66496397741139	4.66496397741139	test	850
#FF0000	0.730688830371946	0.730688830371946	test	851
#FF0000	2.20079496502876	2.20079496502876	test	852
#FF0000	2.74058624170721	2.74058624170721	test	853
#FF0000	1.27760800532997	1.27760800532997	test	854
#FF0000	2.22989341476932	2.22989341476932	test	855
#FF0000	-1.13168721087277	-1.13168721087277	test	856
#FF0000	-3.37209222139791	-3.37209222139791	test	857
#FF0000	-3.12771716620773	-3.12771716620773	test	858
#FF0000	-1.08750525861979	-1.08750525861979	test	859
#FF0000	-2.26098790299147	-2.26098790299147	test	860
#FF0000	-3.08082251809537	-3.08082251809537	test	861
#FF0000	0.0439180643297732	0.0439180643297732	test	862
#FF0000	2.63840356841683	2.63840356841683	test	863
#FF0000	1.93668870721012	1.93668870721012	test	864
#FF0000	0.440541882999241	0.440541882999241	test	865
#FF0000	1.59087226260453	1.59087226260453	test	866
#FF0000	-0.312716199550778	-0.312716199550778	test	867
#FF0000	-0.181944610085338	-0.181944610085338	test	868
#FF0000	-1.62936401553452	-1.62936401553452	test	869
#FF0000	-0.754736983217299	-0.754736983217299	test	870
#FF0000	-2.12984869023785	-2.12984869023785	test	871
#FF0000	1.0119153209962	1.0119153209962	test	872
#FF0000	3.40742326341569	3.40742326341569	test	873
#FF0000	1.20837047696114	1.20837047696114	test	874
#FF0000	-3.65448380820453	-3.65448380820453	test	875
#FF0000	0.677224295213819	0.677224295213819	test	876
#FF0000	-0.565736689604819	-0.565736689604819	test	877
#FF0000	-0.620245772879571	-0.620245772879571	test	878
#FF0000	1.23617232544348	1.23617232544348	test	879
#FF0000	4.32653341908008	4.32653341908008	test	880
#FF0000	3.88492583297193	3.88492583297193	test	881
#FF0000	3.78540561068803	3.78540561068803	test	882
#FF0000	-2.57823052350432	-2.57823052350432	test	883
#FF0000	2.41453797090799	2.41453797090799	test	884
#FF0000	-1.12343686632812	-1.12343686632812	test	885
#FF0000	-4.21048261225224	-4.21048261225224	test	886
#FF0000	-4.05164449941367	-4.05164449941367	test	887
#FF0000	2.62142731109634	2.62142731109634	test	888
#FF0000	-1.52105974266306	-1.52105974266306	test	889
#FF0000	-0.832332910504192	-0.832332910504192	test	890
#FF0000	-1.55983769334853	-1.55983769334853	test	891
#FF0000	-4.91589077282697	-4.91589077282697	test	892
#FF0000	4.11574990721419	4.11574990721419	test	893
#FF0000	-3.17794581409544	-3.17794581409544	test	894
#FF0000	2.22803449025378	2.22803449025378	test	895
#FF0000	0.719633307307959	0.719633307307959	test	896
#FF0000	0.400364135857672	0.400364135857672	test	897
#FF0000	-1.45052584586665	-1.45052584586665	test	898
#FF0000	3.24091838207096	3.24091838207096	test	899
#FF0000	-3.13863238785416	-3.13863238785416	test	900
#000000	4.88909297855571	4.88909297855571	train	901
#000000	-1.02254546713084	-1.02254546713084	train	902
#000000	-3.84302221238613	-3.84302221238613	train	903
#000000	-4.30251321289688	-4.30251321289688	train	904
#000000	-2.56250609410927	-2.56250609410927	train	905
#000000	2.92010425822809	2.92010425822809	train	906
#000000	-1.59937647171319	-1.59937647171319	train	907
#000000	4.72062500659376	4.72062500659376	train	908
#000000	-3.34144515451044	-3.34144515451044	train	909
#000000	-0.408963342197239	-0.408963342197239	train	910
#FF0000	-3.28251923201606	-3.28251923201606	test	911
#FF0000	-2.68522898200899	-2.68522898200899	test	912
#FF0000	2.72811945760623	2.72811945760623	test	913
#FF0000	-4.03698458336294	-4.03698458336294	test	914
#FF0000	-0.46552229905501	-0.46552229905501	test	915
#FF0000	-4.15299287065864	-4.15299287065864	test	916
#FF0000	0.606658670585603	0.606658670585603	test	917
#FF0000	-4.91295400075615	-4.91295400075615	test	918
#FF0000	4.85737090697512	4.85737090697512	test	919
#FF0000	-1.83415195904672	-1.83415195904672	test	920
#FF0000	1.3944894191809	1.3944894191809	test	921
#FF0000	-2.04776764614508	-2.04776764614508	test	922
#FF0000	4.96703693876043	4.96703693876043	test	923
#FF0000	4.06021320261061	4.06021320261061	test	924
#FF0000	4.88739144057035	4.88739144057035	test	925
#FF0000	-4.3435426056385	-4.3435426056385	test	926
#FF0000	1.27038758480921	1.27038758480921	test	927
#FF0000	-0.0952495913952589	-0.0952495913952589	test	928
#FF0000	4.71024412894622	4.71024412894622	test	929
#FF0000	-1.37779152486473	-1.37779152486473	test	930
#FF0000	1.79993461119011	1.79993461119011	test	931
#FF0000	-2.36280069686472	-2.36280069686472	test	932
#FF0000	-3.14285738626495	-3.14285738626495	test	933
#FF0000	-3.14856778364629	-3.14856778364629	test	934
#FF0000	-1.20703253429383	-1.20703253429383	test	935
#FF0000	3.47024392103776	3.47024392103776	test	936
#FF0000	-0.0192386656999588	-0.0192386656999588	test	937
#FF0000	2.90585573529825	2.90585573529825	test	938
#FF0000	3.38463871972635	3.38463871972635	test	939
#FF0000	-0.430961351376027	-0.430961351376027	test	940
#FF0000	2.994758146815	2.994758146815	test	941
#FF0000	-1.18056938750669	-1.18056938750669	test	942
#FF0000	2.59701231494546	2.59701231494546	test	943
#FF0000	-0.632243978325278	-0.632243978325278	test	944
#FF0000	4.0421772073023	4.0421772073023	test	945
#FF0000	-1.80465086130425	-1.80465086130425	test	946
#FF0000	-4.17430907255039	-4.17430907255039	test	947
#FF0000	3.16289079375565	3.16289079375565	test	948
#FF0000	3.98476220667362	3.98476220667362	test	949
#FF0000	4.66496397741139	4.66496397741139	test	950
#FF0000	0.730688830371946	0.730688830371946	test	951
#FF0000	2.20079496502876	2.20079496502876	test	952
#FF0000	2.74058624170721	2.74058624170721	test	953
#FF0000	1.27760800532997	1.27760800532997	test	954
#FF0000	2.22989341476932	2.22989341476932	test	955
#FF0000	-1.13168721087277	-1.13168721087277	test	956
#FF0000	-3.37209222139791	-3.37209222139791	test	957
#FF0000	-3.12771716620773	-3.12771716620773	test	958
#FF0000	-1.08750525861979	-1.08750525861979	test	959
#FF0000	-2.26098790299147	-2.26098790299147	test	960
#FF0000	-3.08082251809537	-3.08082251809537	test	961
#FF0000	0.0439180643297732	0.0439180643297732	test	962
#FF0000	2.63840356841683	2.63840356841683	test	963
#FF0000	1.93668870721012	1.93668870721012	test	964
#FF0000	0.440541882999241	0.440541882999241	test	965
#FF0000	1.59087226260453	1.59087226260453	test	966
#FF0000	-0.312716199550778	-0.312716199550778	test	967
#FF0000	-0.181944610085338	-0.181944610085338	test	968
#FF0000	-1.62936401553452	-1.62936401553452	test	969
#FF0000	-0.754736983217299	-0.754736983217299	test	970
#FF0000	-2.12984869023785	-2.12984869023785	test	971
#FF0000	1.0119153209962	1.0119153209962	test	972
#FF0000	3.40742326341569	3.40742326341569	test	973
#FF0000	1.20837047696114	1.20837047696114	test	974
#FF0000	-3.65448380820453	-3.65448380820453	test	975
#FF0000	0.677224295213819	0.677224295213819	test	976
#FF0000	-0.565736689604819	-0.565736689604819	test	977
#FF0000	-0.620245772879571	-0.620245772879571	test	978
#FF0000	1.23617232544348	1.23617232544348	test	979
#FF0000	4.32653341908008	4.32653341908008	test	980
#FF0000	3.88492583297193	3.88492583297193	test	981
#FF0000	3.78540561068803	3.78540561068803	test	982
#FF0000	-2.57823052350432	-2.57823052350432	test	983
#FF0000	2.41453797090799	2.41453797090799	test	984
#FF0000	-1.12343686632812	-1.12343686632812	test	985
#FF0000	-4.21048261225224	-4.21048261225224	test	986
#FF0000	-4.05164449941367	-4.05164449941367	test	987
#FF0000	2.62142731109634	2.62142731109634	test	988
#FF0000	-1.52105974266306	-1.52105974266306	test	989
#FF0000	-0.832332910504192	-0.832332910504192	test	990
#FF0000	-1.55983769334853	-1.55983769334853	test	991
#FF0000	-4.91589077282697	-4.91589077282697	test	992
#FF0000	4.11574990721419	4.11574990721419	test	993
#FF0000	-3.17794581409544	-3.17794581409544	test	994
#FF0000	2.22803449025378	2.22803449025378	test	995
#FF0000	0.719633307307959	0.719633307307959	test	996
#FF0000	0.400364135857672	0.400364135857672	test	997
#FF0000	-1.45052584586665	-1.45052584586665	test	998
#FF0000	3.24091838207096	3.24091838207096	test	999
#FF0000	-3.13863238785416	-3.13863238785416	test	1000
#000000	4.88909297855571	4.88909297855571	train	1001
#000000	-1.02254546713084	-1.02254546713084	train	1002
#000000	-3.84302221238613	-3.84302221238613	train	1003
#000000	-4.30251321289688	-4.30251321289688	train	1004
#000000	-2.56250609410927	-2.56250609410927	train	1005
#000000	2.92010425822809	2.92010425822809	train	1006
#000000	-1.59937647171319	-1.59937647171319	train	1007
#000000	4.72062500659376	4.72062500659376	train	1008
#000000	-3.34144515451044	-3.34144515451044	train	1009
#000000	-0.408963342197239	-0.408963342197239	train	1010
#FF0000	-3.28251923201606	-3.28251923201606	test	1011
#FF0000	-2.68522898200899	-2.68522898200899	test	1012
#FF0000	2.72811945760623	2.72811945760623	test	1013
#FF0000	-4.03698458336294	-4.03698458336294	test	1014
#FF0000	-0.46552229905501	-0.46552229905501	test	1015
#FF0000	-4.15299287065864	-4.15299287065864	test	1016
#FF0000	0.606658670585603	0.606658670585603	test	1017
#FF0000	-4.91295400075615	-4.91295400075615	test	1018
#FF0000	4.85737090697512	4.85737090697512	test	1019
#FF0000	-1.83415195904672	-1.83415195904672	test	1020
#FF0000	1.3944894191809	1.3944894191809	test	1021
#FF0000	-2.04776764614508	-2.04776764614508	test	1022
#FF0000	4.96703693876043	4.96703693876043	test	1023
#FF0000	4.06021320261061	4.06021320261061	test	1024
#FF0000	4.88739144057035	4.88739144057035	test	1025
#FF0000	-4.3435426056385	-4.3435426056385	test	1026
#FF0000	1.27038758480921	1.27038758480921	test	1027
#FF0000	-0.0952495913952589	-0.0952495913952589	test	1028
#FF0000	4.71024412894622	4.71024412894622	test	1029
#FF0000	-1.37779152486473	-1.37779152486473	test	1030
#FF0000	1.79993461119011	1.79993461119011	test	1031
#FF0000	-2.36280069686472	-2.36280069686472	test	1032
#FF0000	-3.14285738626495	-3.14285738626495	test	1033
#FF0000	-3.14856778364629	-3.14856778364629	test	1034
#FF0000	-1.20703253429383	-1.20703253429383	test	1035
#FF0000	3.47024392103776	3.47024392103776	test	1036
#FF0000	-0.0192386656999588	-0.0192386656999588	test	1037
#FF0000	2.90585573529825	2.90585573529825	test	1038
#FF0000	3.38463871972635	3.38463871972635	test	1039
#FF0000	-0.430961351376027	-0.430961351376027	test	1040
#FF0000	2.994758146815	2.994758146815	test	1041
#FF0000	-1.18056938750669	-1.18056938750669	test	1042
#FF0000	2.59701231494546	2.59701231494546	test	1043
#FF0000	-0.632243978325278	-0.632243978325278	test	1044
#FF0000	4.0421772073023	4.0421772073023	test	1045
#FF0000	-1.80465086130425	-1.80465086130425	test	1046
#FF0000	-4.17430907255039	-4.17430907255039	test	1047
#FF0000	3.16289079375565	3.16289079375565	test	1048
#FF0000	3.98476220667362	3.98476220667362	test	1049
#FF0000	4.66496397741139	4.66496397741139	test	1050
#FF0000	0.730688830371946	0.730688830371946	test	1051
#FF0000	2.20079496502876	2.20079496502876	test	1052
#FF0000	2.74058624170721	2.74058624170721	test	1053
#FF0000	1.27760800532997	1.27760800532997	test	1054
#FF0000	2.22989341476932	2.22989341476932	test	1055
#FF0000	-1.13168721087277	-1.13168721087277	test	1056
#FF0000	-3.37209222139791	-3.37209222139791	test	1057
#FF0000	-3.12771716620773	-3.12771716620773	test	1058
#FF0000	-1.08750525861979	-1.08750525861979	test	1059
#FF0000	-2.26098790299147	-2.26098790299147	test	1060
#FF0000	-3.08082251809537	-3.08082251809537	test	1061
#FF0000	0.0439180643297732	0.0439180643297732	test	1062
#FF0000	2.63840356841683	2.63840356841683	test	1063
#FF0000	1.93668870721012	1.93668870721012	test	1064
#FF0000	0.440541882999241	0.440541882999241	test	1065
#FF0000	1.59087226260453	1.59087226260453	test	1066
#FF0000	-0.312716199550778	-0.312716199550778	test	1067
#FF0000	-0.181944610085338	-0.181944610085338	test	1068
#FF0000	-1.62936401553452	-1.62936401553452	test	1069
#FF0000	-0.754736983217299	-0.754736983217299	test	1070
#FF0000	-2.12984869023785	-2.12984869023785	test	1071
#FF0000	1.0119153209962	1.0119153209962	test	1072
#FF0000	3.40742326341569	3.40742326341569	test	1073
#FF0000	1.20837047696114	1.20837047696114	test	1074
#FF0000	-3.65448380820453	-3.65448380820453	test	1075
#FF0000	0.677224295213819	0.677224295213819	test	1076
#FF0000	-0.565736689604819	-0.565736689604819	test	1077
#FF0000	-0.620245772879571	-0.620245772879571	test	1078
#FF0000	1.23617232544348	1.23617232544348	test	1079
#FF0000	4.32653341908008	4.32653341908008	test	1080
#FF0000	3.88492583297193	3.88492583297193	test	1081
#FF0000	3.78540561068803	3.78540561068803	test	1082
#FF0000	-2.57823052350432	-2.57823052350432	test	1083
#FF0000	2.41453797090799	2.41453797090799	test	1084
#FF0000	-1.12343686632812	-1.12343686632812	test	1085
#FF0000	-4.21048261225224	-4.21048261225224	test	1086
#FF0000	-4.05164449941367	-4.05164449941367	test	1087
#FF0000	2.62142731109634	2.62142731109634	test	1088
#FF0000	-1.52105974266306	-1.52105974266306	test	1089
#FF0000	-0.832332910504192	-0.832332910504192	test	1090
#FF0000	-1.55983769334853	-1.55983769334853	test	1091
#FF0000	-4.91589077282697	-4.91589077282697	test	1092
#FF0000	4.11574990721419	4.11574990721419	test	1093
#FF0000	-3.17794581409544	-3.17794581409544	test	1094
#FF0000	2.22803449025378	2.22803449025378	test	1095
#FF0000	0.719633307307959	0.719633307307959	test	1096
#FF0000	0.400364135857672	0.400364135857672	test	1097
#FF0000	-1.45052584586665	-1.45052584586665	test	1098
#FF0000	3.24091838207096	3.24091838207096	test	1099
#FF0000	-3.13863238785416	-3.13863238785416	test	1100
#000000	4.88909297855571	4.88909297855571	train	1101
#000000	-1.02254546713084	-1.02254546713084	train	1102
#000000	-3.84302221238613	-3.84302221238613	train	1103
#000000	-4.30251321289688	-4.30251321289688	train	1104
#000000	-2.56250609410927	-2.56250609410927	train	1105
#000000	2.92010425822809	2.92010425822809	train	1106
#000000	-1.59937647171319	-1.59937647171319	train	1107
#000000	4.72062500659376	4.72062500659376	train	1108
#000000	-3.34144515451044	-3.34144515451044	train	1109
#000000	-0.408963342197239	-0.408963342197239	train	1110
#FF0000	-3.28251923201606	-3.28251923201606	test	1111
#FF0000	-2.68522898200899	-2.68522898200899	test	1112
#FF0000	2.72811945760623	2.72811945760623	test	1113
#FF0000	-4.03698458336294	-4.03698458336294	test	1114
#FF0000	-0.46552229905501	-0.46552229905501	test	1115
#FF0000	-4.15299287065864	-4.15299287065864	test	1116
#FF0000	0.606658670585603	0.606658670585603	test	1117
#FF0000	-4.91295400075615	-4.91295400075615	test	1118
#FF0000	4.85737090697512	4.85737090697512	test	1119
#FF0000	-1.83415195904672	-1.83415195904672	test	1120
#FF0000	1.3944894191809	1.3944894191809	test	1121
#FF0000	-2.04776764614508	-2.04776764614508	test	1122
#FF0000	4.96703693876043	4.96703693876043	test	1123
#FF0000	4.06021320261061	4.06021320261061	test	1124
#FF0000	4.88739144057035	4.88739144057035	test	1125
#FF0000	-4.3435426056385	-4.3435426056385	test	1126
#FF0000	1.27038758480921	1.27038758480921	test	1127
#FF0000	-0.0952495913952589	-0.0952495913952589	test	1128
#FF0000	4.71024412894622	4.71024412894622	test	1129
#FF0000	-1.37779152486473	-1.37779152486473	test	1130
#FF0000	1.79993461119011	1.79993461119011	test	1131
#FF0000	-2.36280069686472	-2.36280069686472	test	1132
#FF0000	-3.14285738626495	-3.14285738626495	test	1133
#FF0000	-3.14856778364629	-3.14856778364629	test	1134
#FF0000	-1.20703253429383	-1.20703253429383	test	1135
#FF0000	3.47024392103776	3.47024392103776	test	1136
#FF0000	-0.0192386656999588	-0.0192386656999588	test	1137
#FF0000	2.90585573529825	2.90585573529825	test	1138
#FF0000	3.38463871972635	3.38463871972635	test	1139
#FF0000	-0.430961351376027	-0.430961351376027	test	1140
#FF0000	2.994758146815	2.994758146815	test	1141
#FF0000	-1.18056938750669	-1.18056938750669	test	1142
#FF0000	2.59701231494546	2.59701231494546	test	1143
#FF0000	-0.632243978325278	-0.632243978325278	test	1144
#FF0000	4.0421772073023	4.0421772073023	test	1145
#FF0000	-1.80465086130425	-1.80465086130425	test	1146
#FF0000	-4.17430907255039	-4.17430907255039	test	1147
#FF0000	3.16289079375565	3.16289079375565	test	1148
#FF0000	3.98476220667362	3.98476220667362	test	1149
#FF0000	4.66496397741139	4.66496397741139	test	1150
#FF0000	0.730688830371946	0.730688830371946	test	1151
#FF0000	2.20079496502876	2.20079496502876	test	1152
#FF0000	2.74058624170721	2.74058624170721	test	1153
#FF0000	1.27760800532997	1.27760800532997	test	1154
#FF0000	2.22989341476932	2.22989341476932	test	1155
#FF0000	-1.13168721087277	-1.13168721087277	test	1156
#FF0000	-3.37209222139791	-3.37209222139791	test	1157
#FF0000	-3.12771716620773	-3.12771716620773	test	1158
#FF0000	-1.08750525861979	-1.08750525861979	test	1159
#FF0000	-2.26098790299147	-2.26098790299147	test	1160
#FF0000	-3.08082251809537	-3.08082251809537	test	1161
#FF0000	0.0439180643297732	0.0439180643297732	test	1162
#FF0000	2.63840356841683	2.63840356841683	test	1163
#FF0000	1.93668870721012	1.93668870721012	test	1164
#FF0000	0.440541882999241	0.440541882999241	test	1165
#FF0000	1.59087226260453	1.59087226260453	test	1166
#FF0000	-0.312716199550778	-0.312716199550778	test	1167
#FF0000	-0.181944610085338	-0.181944610085338	test	1168
#FF0000	-1.62936401553452	-1.62936401553452	test	1169
#FF0000	-0.754736983217299	-0.754736983217299	test	1170
#FF0000	-2.12984869023785	-2.12984869023785	test	1171
#FF0000	1.0119153209962	1.0119153209962	test	1172
#FF0000	3.40742326341569	3.40742326341569	test	1173
#FF0000	1.20837047696114	1.20837047696114	test	1174
#FF0000	-3.65448380820453	-3.65448380820453	test	1175
#FF0000	0.677224295213819	0.677224295213819	test	1176
#FF0000	-0.565736689604819	-0.565736689604819	test	1177
#FF0000	-0.620245772879571	-0.620245772879571	test	1178
#FF0000	1.23617232544348	1.23617232544348	test	1179
#FF0000	4.32653341908008	4.32653341908008	test	1180
#FF0000	3.88492583297193	3.88492583297193	test	1181
#FF0000	3.78540561068803	3.78540561068803	test	1182
#FF0000	-2.57823052350432	-2.57823052350432	test	1183
#FF0000	2.41453797090799	2.41453797090799	test	1184
#FF0000	-1.12343686632812	-1.12343686632812	test	1185
#FF0000	-4.21048261225224	-4.21048261225224	test	1186
#FF0000	-4.05164449941367	-4.05164449941367	test	1187
#FF0000	2.62142731109634	2.62142731109634	test	1188
#FF0000	-1.52105974266306	-1.52105974266306	test	1189
#FF0000	-0.832332910504192	-0.832332910504192	test	1190
#FF0000	-1.55983769334853	-1.55983769334853	test	1191
#FF0000	-4.91589077282697	-4.91589077282697	test	1192
#FF0000	4.11574990721419	4.11574990721419	test	1193
#FF0000	-3.17794581409544	-3.17794581409544	test	1194
#FF0000	2.22803449025378	2.22803449025378	test	1195
#FF0000	0.719633307307959	0.719633307307959	test	1196
#FF0000	0.400364135857672	0.400364135857672	test	1197
#FF0000	-1.45052584586665	-1.45052584586665	test	1198
#FF0000	3.24091838207096	3.24091838207096	test	1199
#FF0000	-3.13863238785416	-3.13863238785416	test	1200
#000000	4.88909297855571	4.88909297855571	train	1201
#000000	-1.02254546713084	-1.02254546713084	train	1202
#000000	-3.84302221238613	-3.84302221238613	train	1203
#000000	-4.30251321289688	-4.30251321289688	train	1204
#000000	-2.56250609410927	-2.56250609410927	train	1205
#000000	2.92010425822809	2.92010425822809	train	1206
#000000	-1.59937647171319	-1.59937647171319	train	1207
#000000	4.72062500659376	4.72062500659376	train	1208
#000000	-3.34144515451044	-3.34144515451044	train	1209
#000000	-0.408963342197239	-0.408963342197239	train	1210
#FF0000	-3.28251923201606	-3.28251923201606	test	1211
#FF0000	-2.68522898200899	-2.68522898200899	test	1212
#FF0000	2.72811945760623	2.72811945760623	test	1213
#FF0000	-4.03698458336294	-4.03698458336294	test	1214
#FF0000	-0.46552229905501	-0.46552229905501	test	1215
#FF0000	-4.15299287065864	-4.15299287065864	test	1216
#FF0000	0.606658670585603	0.606658670585603	test	1217
#FF0000	-4.91295400075615	-4.91295400075615	test	1218
#FF0000	4.85737090697512	4.85737090697512	test	1219
#FF0000	-1.83415195904672	-1.83415195904672	test	1220
#FF0000	1.3944894191809	1.3944894191809	test	1221
#FF0000	-2.04776764614508	-2.04776764614508	test	1222
#FF0000	4.96703693876043	4.96703693876043	test	1223
#FF0000	4.06021320261061	4.06021320261061	test	1224
#FF0000	4.88739144057035	4.88739144057035	test	1225
#FF0000	-4.3435426056385	-4.3435426056385	test	1226
#FF0000	1.27038758480921	1.27038758480921	test	1227
#FF0000	-0.0952495913952589	-0.0952495913952589	test	1228
#FF0000	4.71024412894622	4.71024412894622	test	1229
#FF0000	-1.37779152486473	-1.37779152486473	test	1230
#FF0000	1.79993461119011	1.79993461119011	test	1231
#FF0000	-2.36280069686472	-2.36280069686472	test	1232
#FF0000	-3.14285738626495	-3.14285738626495	test	1233
#FF0000	-3.14856778364629	-3.14856778364629	test	1234
#FF0000	-1.20703253429383	-1.20703253429383	test	1235
#FF0000	3.47024392103776	3.47024392103776	test	1236
#FF0000	-0.0192386656999588	-0.0192386656999588	test	1237
#FF0000	2.90585573529825	2.90585573529825	test	1238
#FF0000	3.38463871972635	3.38463871972635	test	1239
#FF0000	-0.430961351376027	-0.430961351376027	test	1240
#FF0000	2.994758146815	2.994758146815	test	1241
#FF0000	-1.18056938750669	-1.18056938750669	test	1242
#FF0000	2.59701231494546	2.59701231494546	test	1243
#FF0000	-0.632243978325278	-0.632243978325278	test	1244
#FF0000	4.0421772073023	4.0421772073023	test	1245
#FF0000	-1.80465086130425	-1.80465086130425	test	1246
#FF0000	-4.17430907255039	-4.17430907255039	test	1247
#FF0000	3.16289079375565	3.16289079375565	test	1248
#FF0000	3.98476220667362	3.98476220667362	test	1249
#FF0000	4.66496397741139	4.66496397741139	test	1250
#FF0000	0.730688830371946	0.730688830371946	test	1251
#FF0000	2.20079496502876	2.20079496502876	test	1252
#FF0000	2.74058624170721	2.74058624170721	test	1253
#FF0000	1.27760800532997	1.27760800532997	test	1254
#FF0000	2.22989341476932	2.22989341476932	test	1255
#FF0000	-1.13168721087277	-1.13168721087277	test	1256
#FF0000	-3.37209222139791	-3.37209222139791	test	1257
#FF0000	-3.12771716620773	-3.12771716620773	test	1258
#FF0000	-1.08750525861979	-1.08750525861979	test	1259
#FF0000	-2.26098790299147	-2.26098790299147	test	1260
#FF0000	-3.08082251809537	-3.08082251809537	test	1261
#FF0000	0.0439180643297732	0.0439180643297732	test	1262
#FF0000	2.63840356841683	2.63840356841683	test	1263
#FF0000	1.93668870721012	1.93668870721012	test	1264
#FF0000	0.440541882999241	0.440541882999241	test	1265
#FF0000	1.59087226260453	1.59087226260453	test	1266
#FF0000	-0.312716199550778	-0.312716199550778	test	1267
#FF0000	-0.181944610085338	-0.181944610085338	test	1268
#FF0000	-1.62936401553452	-1.62936401553452	test	1269
#FF0000	-0.754736983217299	-0.754736983217299	test	1270
#FF0000	-2.12984869023785	-2.12984869023785	test	1271
#FF0000	1.0119153209962	1.0119153209962	test	1272
#FF0000	3.40742326341569	3.40742326341569	test	1273
#FF0000	1.20837047696114	1.20837047696114	test	1274
#FF0000	-3.65448380820453	-3.65448380820453	test	1275
#FF0000	0.677224295213819	0.677224295213819	test	1276
#FF0000	-0.565736689604819	-0.565736689604819	test	1277
#FF0000	-0.620245772879571	-0.620245772879571	test	1278
#FF0000	1.23617232544348	1.23617232544348	test	1279
#FF0000	4.32653341908008	4.32653341908008	test	1280
#FF0000	3.88492583297193	3.88492583297193	test	1281
#FF0000	3.78540561068803	3.78540561068803	test	1282
#FF0000	-2.57823052350432	-2.57823052350432	test	1283
#FF0000	2.41453797090799	2.41453797090799	test	1284
#FF0000	-1.12343686632812	-1.12343686632812	test	1285
#FF0000	-4.21048261225224	-4.21048261225224	test	1286
#FF0000	-4.05164449941367	-4.05164449941367	test	1287
#FF0000	2.62142731109634	2.62142731109634	test	1288
#FF0000	-1.52105974266306	-1.52105974266306	test	1289
#FF0000	-0.832332910504192	-0.832332910504192	test	1290
#FF0000	-1.55983769334853	-1.55983769334853	test	1291
#FF0000	-4.91589077282697	-4.91589077282697	test	1292
#FF0000	4.11574990721419	4.11574990721419	test	1293
#FF0000	-3.17794581409544	-3.17794581409544	test	1294
#FF0000	2.22803449025378	2.22803449025378	test	1295
#FF0000	0.719633307307959	0.719633307307959	test	1296
#FF0000	0.400364135857672	0.400364135857672	test	1297
#FF0000	-1.45052584586665	-1.45052584586665	test	1298
#FF0000	3.24091838207096	3.24091838207096	test	1299
#FF0000	-3.13863238785416	-3.13863238785416	test	1300
#000000	4.88909297855571	4.88909297855571	train	1301
#000000	-1.02254546713084	-1.02254546713084	train	1302
#000000	-3.84302221238613	-3.84302221238613	train	1303
#000000	-4.30251321289688	-4.30251321289688	train	1304
#000000	-2.56250609410927	-2.56250609410927	train	1305
#000000	2.92010425822809	2.92010425822809	train	1306
#000000	-1.59937647171319	-1.59937647171319	train	1307
#000000	4.72062500659376	4.72062500659376	train	1308
#000000	-3.34144515451044	-3.34144515451044	train	1309
#000000	-0.408963342197239	-0.408963342197239	train	1310
#FF0000	-3.28251923201606	-3.28251923201606	test	1311
#FF0000	-2.68522898200899	-2.68522898200899	test	1312
#FF0000	2.72811945760623	2.72811945760623	test	1313
#FF0000	-4.03698458336294	-4.03698458336294	test	1314
#FF0000	-0.46552229905501	-0.46552229905501	test	1315
#FF0000	-4.15299287065864	-4.15299287065864	test	1316
#FF0000	0.606658670585603	0.606658670585603	test	1317
#FF0000	-4.91295400075615	-4.91295400075615	test	1318
#FF0000	4.85737090697512	4.85737090697512	test	1319
#FF0000	-1.83415195904672	-1.83415195904672	test	1320
#FF0000	1.3944894191809	1.3944894191809	test	1321
#FF0000	-2.04776764614508	-2.04776764614508	test	1322
#FF0000	4.96703693876043	4.96703693876043	test	1323
#FF0000	4.06021320261061	4.06021320261061	test	1324
#FF0000	4.88739144057035	4.88739144057035	test	1325
#FF0000	-4.3435426056385	-4.3435426056385	test	1326
#FF0000	1.27038758480921	1.27038758480921	test	1327
#FF0000	-0.0952495913952589	-0.0952495913952589	test	1328
#FF0000	4.71024412894622	4.71024412894622	test	1329
#FF0000	-1.37779152486473	-1.37779152486473	test	1330
#FF0000	1.79993461119011	1.79993461119011	test	1331
#FF0000	-2.36280069686472	-2.36280069686472	test	1332
#FF0000	-3.14285738626495	-3.14285738626495	test	1333
#FF0000	-3.14856778364629	-3.14856778364629	test	1334
#FF0000	-1.20703253429383	-1.20703253429383	test	1335
#FF0000	3.47024392103776	3.47024392103776	test	1336
#FF0000	-0.0192386656999588	-0.0192386656999588	test	1337
#FF0000	2.90585573529825	2.90585573529825	test	1338
#FF0000	3.38463871972635	3.38463871972635	test	1339
#FF0000	-0.430961351376027	-0.430961351376027	test	1340
#FF0000	2.994758146815	2.994758146815	test	1341
#FF0000	-1.18056938750669	-1.18056938750669	test	1342
#FF0000	2.59701231494546	2.59701231494546	test	1343
#FF0000	-0.632243978325278	-0.632243978325278	test	1344
#FF0000	4.0421772073023	4.0421772073023	test	1345
#FF0000	-1.80465086130425	-1.80465086130425	test	1346
#FF0000	-4.17430907255039	-4.17430907255039	test	1347
#FF0000	3.16289079375565	3.16289079375565	test	1348
#FF0000	3.98476220667362	3.98476220667362	test	1349
#FF0000	4.66496397741139	4.66496397741139	test	1350
#FF0000	0.730688830371946	0.730688830371946	test	1351
#FF0000	2.20079496502876	2.20079496502876	test	1352
#FF0000	2.74058624170721	2.74058624170721	test	1353
#FF0000	1.27760800532997	1.27760800532997	test	1354
#FF0000	2.22989341476932	2.22989341476932	test	1355
#FF0000	-1.13168721087277	-1.13168721087277	test	1356
#FF0000	-3.37209222139791	-3.37209222139791	test	1357
#FF0000	-3.12771716620773	-3.12771716620773	test	1358
#FF0000	-1.08750525861979	-1.08750525861979	test	1359
#FF0000	-2.26098790299147	-2.26098790299147	test	1360
#FF0000	-3.08082251809537	-3.08082251809537	test	1361
#FF0000	0.0439180643297732	0.0439180643297732	test	1362
#FF0000	2.63840356841683	2.63840356841683	test	1363
#FF0000	1.93668870721012	1.93668870721012	test	1364
#FF0000	0.440541882999241	0.440541882999241	test	1365
#FF0000	1.59087226260453	1.59087226260453	test	1366
#FF0000	-0.312716199550778	-0.312716199550778	test	1367
#FF0000	-0.181944610085338	-0.181944610085338	test	1368
#FF0000	-1.62936401553452	-1.62936401553452	test	1369
#FF0000	-0.754736983217299	-0.754736983217299	test	1370
#FF0000	-2.12984869023785	-2.12984869023785	test	1371
#FF0000	1.0119153209962	1.0119153209962	test	1372
#FF0000	3.40742326341569	3.40742326341569	test	1373
#FF0000	1.20837047696114	1.20837047696114	test	1374
#FF0000	-3.65448380820453	-3.65448380820453	test	1375
#FF0000	0.677224295213819	0.677224295213819	test	1376
#FF0000	-0.565736689604819	-0.565736689604819	test	1377
#FF0000	-0.620245772879571	-0.620245772879571	test	1378
#FF0000	1.23617232544348	1.23617232544348	test	1379
#FF0000	4.32653341908008	4.32653341908008	test	1380
#FF0000	3.88492583297193	3.88492583297193	test	1381
#FF0000	3.78540561068803	3.78540561068803	test	1382
#FF0000	-2.57823052350432	-2.57823052350432	test	1383
#FF0000	2.41453797090799	2.41453797090799	test	1384
#FF0000	-1.12343686632812	-1.12343686632812	test	1385
#FF0000	-4.21048261225224	-4.21048261225224	test	1386
#FF0000	-4.05164449941367	-4.05164449941367	test	1387
#FF0000	2.62142731109634	2.62142731109634	test	1388
#FF0000	-1.52105974266306	-1.52105974266306	test	1389
#FF0000	-0.832332910504192	-0.832332910504192	test	1390
#FF0000	-1.55983769334853	-1.55983769334853	test	1391
#FF0000	-4.91589077282697	-4.91589077282697	test	1392
#FF0000	4.11574990721419	4.11574990721419	test	1393
#FF0000	-3.17794581409544	-3.17794581409544	test	1394
#FF0000	2.22803449025378	2.22803449025378	test	1395
#FF0000	0.719633307307959	0.719633307307959	test	1396
#FF0000	0.400364135857672	0.400364135857672	test	1397
#FF0000	-1.45052584586665	-1.45052584586665	test	1398
#FF0000	3.24091838207096	3.24091838207096	test	1399
#FF0000	-3.13863238785416	-3.13863238785416	test	1400
#000000	4.88909297855571	4.88909297855571	train	1401
#000000	-1.02254546713084	-1.02254546713084	train	1402
#000000	-3.84302221238613	-3.84302221238613	train	1403
#000000	-4.30251321289688	-4.30251321289688	train	1404
#000000	-2.56250609410927	-2.56250609410927	train	1405
#000000	2.92010425822809	2.92010425822809	train	1406
#000000	-1.59937647171319	-1.59937647171319	train	1407
#000000	4.72062500659376	4.72062500659376	train	1408
#000000	-3.34144515451044	-3.34144515451044	train	1409
#000000	-0.408963342197239	-0.408963342197239	train	1410
#FF0000	-3.28251923201606	-3.28251923201606	test	1411
#FF0000	-2.68522898200899	-2.68522898200899	test	1412
#FF0000	2.72811945760623	2.72811945760623	test	1413
#FF0000	-4.03698458336294	-4.03698458336294	test	1414
#FF0000	-0.46552229905501	-0.46552229905501	test	1415
#FF0000	-4.15299287065864	-4.15299287065864	test	1416
#FF0000	0.606658670585603	0.606658670585603	test	1417
#FF0000	-4.91295400075615	-4.91295400075615	test	1418
#FF0000	4.85737090697512	4.85737090697512	test	1419
#FF0000	-1.83415195904672	-1.83415195904672	test	1420
#FF0000	1.3944894191809	1.3944894191809	test	1421
#FF0000	-2.04776764614508	-2.04776764614508	test	1422
#FF0000	4.96703693876043	4.96703693876043	test	1423
#FF0000	4.06021320261061	4.06021320261061	test	1424
#FF0000	4.88739144057035	4.88739144057035	test	1425
#FF0000	-4.3435426056385	-4.3435426056385	test	1426
#FF0000	1.27038758480921	1.27038758480921	test	1427
#FF0000	-0.0952495913952589	-0.0952495913952589	test	1428
#FF0000	4.71024412894622	4.71024412894622	test	1429
#FF0000	-1.37779152486473	-1.37779152486473	test	1430
#FF0000	1.79993461119011	1.79993461119011	test	1431
#FF0000	-2.36280069686472	-2.36280069686472	test	1432
#FF0000	-3.14285738626495	-3.14285738626495	test	1433
#FF0000	-3.14856778364629	-3.14856778364629	test	1434
#FF0000	-1.20703253429383	-1.20703253429383	test	1435
#FF0000	3.47024392103776	3.47024392103776	test	1436
#FF0000	-0.0192386656999588	-0.0192386656999588	test	1437
#FF0000	2.90585573529825	2.90585573529825	test	1438
#FF0000	3.38463871972635	3.38463871972635	test	1439
#FF0000	-0.430961351376027	-0.430961351376027	test	1440
#FF0000	2.994758146815	2.994758146815	test	1441
#FF0000	-1.18056938750669	-1.18056938750669	test	1442
#FF0000	2.59701231494546	2.59701231494546	test	1443
#FF0000	-0.632243978325278	-0.632243978325278	test	1444
#FF0000	4.0421772073023	4.0421772073023	test	1445
#FF0000	-1.80465086130425	-1.80465086130425	test	1446
#FF0000	-4.17430907255039	-4.17430907255039	test	1447
#FF0000	3.16289079375565	3.16289079375565	test	1448
#FF0000	3.98476220667362	3.98476220667362	test	1449
#FF0000	4.66496397741139	4.66496397741139	test	1450
#FF0000	0.730688830371946	0.730688830371946	test	1451
#FF0000	2.20079496502876	2.20079496502876	test	1452
#FF0000	2.74058624170721	2.74058624170721	test	1453
#FF0000	1.27760800532997	1.27760800532997	test	1454
#FF0000	2.22989341476932	2.22989341476932	test	1455
#FF0000	-1.13168721087277	-1.13168721087277	test	1456
#FF0000	-3.37209222139791	-3.37209222139791	test	1457
#FF0000	-3.12771716620773	-3.12771716620773	test	1458
#FF0000	-1.08750525861979	-1.08750525861979	test	1459
#FF0000	-2.26098790299147	-2.26098790299147	test	1460
#FF0000	-3.08082251809537	-3.08082251809537	test	1461
#FF0000	0.0439180643297732	0.0439180643297732	test	1462
#FF0000	2.63840356841683	2.63840356841683	test	1463
#FF0000	1.93668870721012	1.93668870721012	test	1464
#FF0000	0.440541882999241	0.440541882999241	test	1465
#FF0000	1.59087226260453	1.59087226260453	test	1466
#FF0000	-0.312716199550778	-0.312716199550778	test	1467
#FF0000	-0.181944610085338	-0.181944610085338	test	1468
#FF0000	-1.62936401553452	-1.62936401553452	test	1469
#FF0000	-0.754736983217299	-0.754736983217299	test	1470
#FF0000	-2.12984869023785	-2.12984869023785	test	1471
#FF0000	1.0119153209962	1.0119153209962	test	1472
#FF0000	3.40742326341569	3.40742326341569	test	1473
#FF0000	1.20837047696114	1.20837047696114	test	1474
#FF0000	-3.65448380820453	-3.65448380820453	test	1475
#FF0000	0.677224295213819	0.677224295213819	test	1476
#FF0000	-0.565736689604819	-0.565736689604819	test	1477
#FF0000	-0.620245772879571	-0.620245772879571	test	1478
#FF0000	1.23617232544348	1.23617232544348	test	1479
#FF0000	4.32653341908008	4.32653341908008	test	1480
#FF0000	3.88492583297193	3.88492583297193	test	1481
#FF0000	3.78540561068803	3.78540561068803	test	1482
#FF0000	-2.57823052350432	-2.57823052350432	test	1483
#FF0000	2.41453797090799	2.41453797090799	test	1484
#FF0000	-1.12343686632812	-1.12343686632812	test	1485
#FF0000	-4.21048261225224	-4.21048261225224	test	1486
#FF0000	-4.05164449941367	-4.05164449941367	test	1487
#FF0000	2.62142731109634	2.62142731109634	test	1488
#FF0000	-1.52105974266306	-1.52105974266306	test	1489
#FF0000	-0.832332910504192	-0.832332910504192	test	1490
#FF0000	-1.55983769334853	-1.55983769334853	test	1491
#FF0000	-4.91589077282697	-4.91589077282697	test	1492
#FF0000	4.11574990721419	4.11574990721419	test	1493
#FF0000	-3.17794581409544	-3.17794581409544	test	1494
#FF0000	2.22803449025378	2.22803449025378	test	1495
#FF0000	0.719633307307959	0.719633307307959	test	1496
#FF0000	0.400364135857672	0.400364135857672	test	1497
#FF0000	-1.45052584586665	-1.45052584586665	test	1498
#FF0000	3.24091838207096	3.24091838207096	test	1499
#FF0000	-3.13863238785416	-3.13863238785416	test	1500
#000000	4.88909297855571	4.88909297855571	train	1501
#000000	-1.02254546713084	-1.02254546713084	train	1502
#000000	-3.84302221238613	-3.84302221238613	train	1503
#000000	-4.30251321289688	-4.30251321289688	train	1504
#000000	-2.56250609410927	-2.56250609410927	train	1505
#000000	2.92010425822809	2.92010425822809	train	1506
#000000	-1.59937647171319	-1.59937647171319	train	1507
#000000	4.72062500659376	4.72062500659376	train	1508
#000000	-3.34144515451044	-3.34144515451044	train	1509
#000000	-0.408963342197239	-0.408963342197239	train	1510
#FF0000	-3.28251923201606	-3.28251923201606	test	1511
#FF0000	-2.68522898200899	-2.68522898200899	test	1512
#FF0000	2.72811945760623	2.72811945760623	test	1513
#FF0000	-4.03698458336294	-4.03698458336294	test	1514
#FF0000	-0.46552229905501	-0.46552229905501	test	1515
#FF0000	-4.15299287065864	-4.15299287065864	test	1516
#FF0000	0.606658670585603	0.606658670585603	test	1517
#FF0000	-4.91295400075615	-4.91295400075615	test	1518
#FF0000	4.85737090697512	4.85737090697512	test	1519
#FF0000	-1.83415195904672	-1.83415195904672	test	1520
#FF0000	1.3944894191809	1.3944894191809	test	1521
#FF0000	-2.04776764614508	-2.04776764614508	test	1522
#FF0000	4.96703693876043	4.96703693876043	test	1523
#FF0000	4.06021320261061	4.06021320261061	test	1524
#FF0000	4.88739144057035	4.88739144057035	test	1525
#FF0000	-4.3435426056385	-4.3435426056385	test	1526
#FF0000	1.27038758480921	1.27038758480921	test	1527
#FF0000	-0.0952495913952589	-0.0952495913952589	test	1528
#FF0000	4.71024412894622	4.71024412894622	test	1529
#FF0000	-1.37779152486473	-1.37779152486473	test	1530
#FF0000	1.79993461119011	1.79993461119011	test	1531
#FF0000	-2.36280069686472	-2.36280069686472	test	1532
#FF0000	-3.14285738626495	-3.14285738626495	test	1533
#FF0000	-3.14856778364629	-3.14856778364629	test	1534
#FF0000	-1.20703253429383	-1.20703253429383	test	1535
#FF0000	3.47024392103776	3.47024392103776	test	1536
#FF0000	-0.0192386656999588	-0.0192386656999588	test	1537
#FF0000	2.90585573529825	2.90585573529825	test	1538
#FF0000	3.38463871972635	3.38463871972635	test	1539
#FF0000	-0.430961351376027	-0.430961351376027	test	1540
#FF0000	2.994758146815	2.994758146815	test	1541
#FF0000	-1.18056938750669	-1.18056938750669	test	1542
#FF0000	2.59701231494546	2.59701231494546	test	1543
#FF0000	-0.632243978325278	-0.632243978325278	test	1544
#FF0000	4.0421772073023	4.0421772073023	test	1545
#FF0000	-1.80465086130425	-1.80465086130425	test	1546
#FF0000	-4.17430907255039	-4.17430907255039	test	1547
#FF0000	3.16289079375565	3.16289079375565	test	1548
#FF0000	3.98476220667362	3.98476220667362	test	1549
#FF0000	4.66496397741139	4.66496397741139	test	1550
#FF0000	0.730688830371946	0.730688830371946	test	1551
#FF0000	2.20079496502876	2.20079496502876	test	1552
#FF0000	2.74058624170721	2.74058624170721	test	1553
#FF0000	1.27760800532997	1.27760800532997	test	1554
#FF0000	2.22989341476932	2.22989341476932	test	1555
#FF0000	-1.13168721087277	-1.13168721087277	test	1556
#FF0000	-3.37209222139791	-3.37209222139791	test	1557
#FF0000	-3.12771716620773	-3.12771716620773	test	1558
#FF0000	-1.08750525861979	-1.08750525861979	test	1559
#FF0000	-2.26098790299147	-2.26098790299147	test	1560
#FF0000	-3.08082251809537	-3.08082251809537	test	1561
#FF0000	0.0439180643297732	0.0439180643297732	test	1562
#FF0000	2.63840356841683	2.63840356841683	test	1563
#FF0000	1.93668870721012	1.93668870721012	test	1564
#FF0000	0.440541882999241	0.440541882999241	test	1565
#FF0000	1.59087226260453	1.59087226260453	test	1566
#FF0000	-0.312716199550778	-0.312716199550778	test	1567
#FF0000	-0.181944610085338	-0.181944610085338	test	1568
#FF0000	-1.62936401553452	-1.62936401553452	test	1569
#FF0000	-0.754736983217299	-0.754736983217299	test	1570
#FF0000	-2.12984869023785	-2.12984869023785	test	1571
#FF0000	1.0119153209962	1.0119153209962	test	1572
#FF0000	3.40742326341569	3.40742326341569	test	1573
#FF0000	1.20837047696114	1.20837047696114	test	1574
#FF0000	-3.65448380820453	-3.65448380820453	test	1575
#FF0000	0.677224295213819	0.677224295213819	test	1576
#FF0000	-0.565736689604819	-0.565736689604819	test	1577
#FF0000	-0.620245772879571	-0.620245772879571	test	1578
#FF0000	1.23617232544348	1.23617232544348	test	1579
#FF0000	4.32653341908008	4.32653341908008	test	1580
#FF0000	3.88492583297193	3.88492583297193	test	1581
#FF0000	3.78540561068803	3.78540561068803	test	1582
#FF0000	-2.57823052350432	-2.57823052350432	test	1583
#FF0000	2.41453797090799	2.41453797090799	test	1584
#FF0000	-1.12343686632812	-1.12343686632812	test	1585
#FF0000	-4.21048261225224	-4.21048261225224	test	1586
#FF0000	-4.05164449941367	-4.05164449941367	test	1587
#FF0000	2.62142731109634	2.62142731109634	test	1588
#FF0000	-1.52105974266306	-1.52105974266306	test	1589
#FF0000	-0.832332910504192	-0.832332910504192	test	1590
#FF0000	-1.55983769334853	-1.55983769334853	test	1591
#FF0000	-4.91589077282697	-4.91589077282697	test	1592
#FF0000	4.11574990721419	4.11574990721419	test	1593
#FF0000	-3.17794581409544	-3.17794581409544	test	1594
#FF0000	2.22803449025378	2.22803449025378	test	1595
#FF0000	0.719633307307959	0.719633307307959	test	1596
#FF0000	0.400364135857672	0.400364135857672	test	1597
#FF0000	-1.45052584586665	-1.45052584586665	test	1598
#FF0000	3.24091838207096	3.24091838207096	test	1599
#FF0000	-3.13863238785416	-3.13863238785416	test	1600
#000000	4.88909297855571	4.88909297855571	train	1601
#000000	-1.02254546713084	-1.02254546713084	train	1602
#000000	-3.84302221238613	-3.84302221238613	train	1603
#000000	-4.30251321289688	-4.30251321289688	train	1604
#000000	-2.56250609410927	-2.56250609410927	train	1605
#000000	2.92010425822809	2.92010425822809	train	1606
#000000	-1.59937647171319	-1.59937647171319	train	1607
#000000	4.72062500659376	4.72062500659376	train	1608
#000000	-3.34144515451044	-3.34144515451044	train	1609
#000000	-0.408963342197239	-0.408963342197239	train	1610
#FF0000	-3.28251923201606	-3.28251923201606	test	1611
#FF0000	-2.68522898200899	-2.68522898200899	test	1612
#FF0000	2.72811945760623	2.72811945760623	test	1613
#FF0000	-4.03698458336294	-4.03698458336294	test	1614
#FF0000	-0.46552229905501	-0.46552229905501	test	1615
#FF0000	-4.15299287065864	-4.15299287065864	test	1616
#FF0000	0.606658670585603	0.606658670585603	test	1617
#FF0000	-4.91295400075615	-4.91295400075615	test	1618
#FF0000	4.85737090697512	4.85737090697512	test	1619
#FF0000	-1.83415195904672	-1.83415195904672	test	1620
#FF0000	1.3944894191809	1.3944894191809	test	1621
#FF0000	-2.04776764614508	-2.04776764614508	test	1622
#FF0000	4.96703693876043	4.96703693876043	test	1623
#FF0000	4.06021320261061	4.06021320261061	test	1624
#FF0000	4.88739144057035	4.88739144057035	test	1625
#FF0000	-4.3435426056385	-4.3435426056385	test	1626
#FF0000	1.27038758480921	1.27038758480921	test	1627
#FF0000	-0.0952495913952589	-0.0952495913952589	test	1628
#FF0000	4.71024412894622	4.71024412894622	test	1629
#FF0000	-1.37779152486473	-1.37779152486473	test	1630
#FF0000	1.79993461119011	1.79993461119011	test	1631
#FF0000	-2.36280069686472	-2.36280069686472	test	1632
#FF0000	-3.14285738626495	-3.14285738626495	test	1633
#FF0000	-3.14856778364629	-3.14856778364629	test	1634
#FF0000	-1.20703253429383	-1.20703253429383	test	1635
#FF0000	3.47024392103776	3.47024392103776	test	1636
#FF0000	-0.0192386656999588	-0.0192386656999588	test	1637
#FF0000	2.90585573529825	2.90585573529825	test	1638
#FF0000	3.38463871972635	3.38463871972635	test	1639
#FF0000	-0.430961351376027	-0.430961351376027	test	1640
#FF0000	2.994758146815	2.994758146815	test	1641
#FF0000	-1.18056938750669	-1.18056938750669	test	1642
#FF0000	2.59701231494546	2.59701231494546	test	1643
#FF0000	-0.632243978325278	-0.632243978325278	test	1644
#FF0000	4.0421772073023	4.0421772073023	test	1645
#FF0000	-1.80465086130425	-1.80465086130425	test	1646
#FF0000	-4.17430907255039	-4.17430907255039	test	1647
#FF0000	3.16289079375565	3.16289079375565	test	1648
#FF0000	3.98476220667362	3.98476220667362	test	1649
#FF0000	4.66496397741139	4.66496397741139	test	1650
#FF0000	0.730688830371946	0.730688830371946	test	1651
#FF0000	2.20079496502876	2.20079496502876	test	1652
#FF0000	2.74058624170721	2.74058624170721	test	1653
#FF0000	1.27760800532997	1.27760800532997	test	1654
#FF0000	2.22989341476932	2.22989341476932	test	1655
#FF0000	-1.13168721087277	-1.13168721087277	test	1656
#FF0000	-3.37209222139791	-3.37209222139791	test	1657
#FF0000	-3.12771716620773	-3.12771716620773	test	1658
#FF0000	-1.08750525861979	-1.08750525861979	test	1659
#FF0000	-2.26098790299147	-2.26098790299147	test	1660
#FF0000	-3.08082251809537	-3.08082251809537	test	1661
#FF0000	0.0439180643297732	0.0439180643297732	test	1662
#FF0000	2.63840356841683	2.63840356841683	test	1663
#FF0000	1.93668870721012	1.93668870721012	test	1664
#FF0000	0.440541882999241	0.440541882999241	test	1665
#FF0000	1.59087226260453	1.59087226260453	test	1666
#FF0000	-0.312716199550778	-0.312716199550778	test	1667
#FF0000	-0.181944610085338	-0.181944610085338	test	1668
#FF0000	-1.62936401553452	-1.62936401553452	test	1669
#FF0000	-0.754736983217299	-0.754736983217299	test	1670
#FF0000	-2.12984869023785	-2.12984869023785	test	1671
#FF0000	1.0119153209962	1.0119153209962	test	1672
#FF0000	3.40742326341569	3.40742326341569	test	1673
#FF0000	1.20837047696114	1.20837047696114	test	1674
#FF0000	-3.65448380820453	-3.65448380820453	test	1675
#FF0000	0.677224295213819	0.677224295213819	test	1676
#FF0000	-0.565736689604819	-0.565736689604819	test	1677
#FF0000	-0.620245772879571	-0.620245772879571	test	1678
#FF0000	1.23617232544348	1.23617232544348	test	1679
#FF0000	4.32653341908008	4.32653341908008	test	1680
#FF0000	3.88492583297193	3.88492583297193	test	1681
#FF0000	3.78540561068803	3.78540561068803	test	1682
#FF0000	-2.57823052350432	-2.57823052350432	test	1683
#FF0000	2.41453797090799	2.41453797090799	test	1684
#FF0000	-1.12343686632812	-1.12343686632812	test	1685
#FF0000	-4.21048261225224	-4.21048261225224	test	1686
#FF0000	-4.05164449941367	-4.05164449941367	test	1687
#FF0000	2.62142731109634	2.62142731109634	test	1688
#FF0000	-1.52105974266306	-1.52105974266306	test	1689
#FF0000	-0.832332910504192	-0.832332910504192	test	1690
#FF0000	-1.55983769334853	-1.55983769334853	test	1691
#FF0000	-4.91589077282697	-4.91589077282697	test	1692
#FF0000	4.11574990721419	4.11574990721419	test	1693
#FF0000	-3.17794581409544	-3.17794581409544	test	1694
#FF0000	2.22803449025378	2.22803449025378	test	1695
#FF0000	0.719633307307959	0.719633307307959	test	1696
#FF0000	0.400364135857672	0.400364135857672	test	1697
#FF0000	-1.45052584586665	-1.45052584586665	test	1698
#FF0000	3.24091838207096	3.24091838207096	test	1699
#FF0000	-3.13863238785416	-3.13863238785416	test	1700
#000000	4.88909297855571	4.88909297855571	train	1701
#000000	-1.02254546713084	-1.02254546713084	train	1702
#000000	-3.84302221238613	-3.84302221238613	train	1703
#000000	-4.30251321289688	-4.30251321289688	train	1704
#000000	-2.56250609410927	-2.56250609410927	train	1705
#000000	2.92010425822809	2.92010425822809	train	1706
#000000	-1.59937647171319	-1.59937647171319	train	1707
#000000	4.72062500659376	4.72062500659376	train	1708
#000000	-3.34144515451044	-3.34144515451044	train	1709
#000000	-0.408963342197239	-0.408963342197239	train	1710
#FF0000	-3.28251923201606	-3.28251923201606	test	1711
#FF0000	-2.68522898200899	-2.68522898200899	test	1712
#FF0000	2.72811945760623	2.72811945760623	test	1713
#FF0000	-4.03698458336294	-4.03698458336294	test	1714
#FF0000	-0.46552229905501	-0.46552229905501	test	1715
#FF0000	-4.15299287065864	-4.15299287065864	test	1716
#FF0000	0.606658670585603	0.606658670585603	test	1717
#FF0000	-4.91295400075615	-4.91295400075615	test	1718
#FF0000	4.85737090697512	4.85737090697512	test	1719
#FF0000	-1.83415195904672	-1.83415195904672	test	1720
#FF0000	1.3944894191809	1.3944894191809	test	1721
#FF0000	-2.04776764614508	-2.04776764614508	test	1722
#FF0000	4.96703693876043	4.96703693876043	test	1723
#FF0000	4.06021320261061	4.06021320261061	test	1724
#FF0000	4.88739144057035	4.88739144057035	test	1725
#FF0000	-4.3435426056385	-4.3435426056385	test	1726
#FF0000	1.27038758480921	1.27038758480921	test	1727
#FF0000	-0.0952495913952589	-0.0952495913952589	test	1728
#FF0000	4.71024412894622	4.71024412894622	test	1729
#FF0000	-1.37779152486473	-1.37779152486473	test	1730
#FF0000	1.79993461119011	1.79993461119011	test	1731
#FF0000	-2.36280069686472	-2.36280069686472	test	1732
#FF0000	-3.14285738626495	-3.14285738626495	test	1733
#FF0000	-3.14856778364629	-3.14856778364629	test	1734
#FF0000	-1.20703253429383	-1.20703253429383	test	1735
#FF0000	3.47024392103776	3.47024392103776	test	1736
#FF0000	-0.0192386656999588	-0.0192386656999588	test	1737
#FF0000	2.90585573529825	2.90585573529825	test	1738
#FF0000	3.38463871972635	3.38463871972635	test	1739
#FF0000	-0.430961351376027	-0.430961351376027	test	1740
#FF0000	2.994758146815	2.994758146815	test	1741
#FF0000	-1.18056938750669	-1.18056938750669	test	1742
#FF0000	2.59701231494546	2.59701231494546	test	1743
#FF0000	-0.632243978325278	-0.632243978325278	test	1744
#FF0000	4.0421772073023	4.0421772073023	test	1745
#FF0000	-1.80465086130425	-1.80465086130425	test	1746
#FF0000	-4.17430907255039	-4.17430907255039	test	1747
#FF0000	3.16289079375565	3.16289079375565	test	1748
#FF0000	3.98476220667362	3.98476220667362	test	1749
#FF0000	4.66496397741139	4.66496397741139	test	1750
#FF0000	0.730688830371946	0.730688830371946	test	1751
#FF0000	2.20079496502876	2.20079496502876	test	1752
#FF0000	2.74058624170721	2.74058624170721	test	1753
#FF0000	1.27760800532997	1.27760800532997	test	1754
#FF0000	2.22989341476932	2.22989341476932	test	1755
#FF0000	-1.13168721087277	-1.13168721087277	test	1756
#FF0000	-3.37209222139791	-3.37209222139791	test	1757
#FF0000	-3.12771716620773	-3.12771716620773	test	1758
#FF0000	-1.08750525861979	-1.08750525861979	test	1759
#FF0000	-2.26098790299147	-2.26098790299147	test	1760
#FF0000	-3.08082251809537	-3.08082251809537	test	1761
#FF0000	0.0439180643297732	0.0439180643297732	test	1762
#FF0000	2.63840356841683	2.63840356841683	test	1763
#FF0000	1.93668870721012	1.93668870721012	test	1764
#FF0000	0.440541882999241	0.440541882999241	test	1765
#FF0000	1.59087226260453	1.59087226260453	test	1766
#FF0000	-0.312716199550778	-0.312716199550778	test	1767
#FF0000	-0.181944610085338	-0.181944610085338	test	1768
#FF0000	-1.62936401553452	-1.62936401553452	test	1769
#FF0000	-0.754736983217299	-0.754736983217299	test	1770
#FF0000	-2.12984869023785	-2.12984869023785	test	1771
#FF0000	1.0119153209962	1.0119153209962	test	1772
#FF0000	3.40742326341569	3.40742326341569	test	1773
#FF0000	1.20837047696114	1.20837047696114	test	1774
#FF0000	-3.65448380820453	-3.65448380820453	test	1775
#FF0000	0.677224295213819	0.677224295213819	test	1776
#FF0000	-0.565736689604819	-0.565736689604819	test	1777
#FF0000	-0.620245772879571	-0.620245772879571	test	1778
#FF0000	1.23617232544348	1.23617232544348	test	1779
#FF0000	4.32653341908008	4.32653341908008	test	1780
#FF0000	3.88492583297193	3.88492583297193	test	1781
#FF0000	3.78540561068803	3.78540561068803	test	1782
#FF0000	-2.57823052350432	-2.57823052350432	test	1783
#FF0000	2.41453797090799	2.41453797090799	test	1784
#FF0000	-1.12343686632812	-1.12343686632812	test	1785
#FF0000	-4.21048261225224	-4.21048261225224	test	1786
#FF0000	-4.05164449941367	-4.05164449941367	test	1787
#FF0000	2.62142731109634	2.62142731109634	test	1788
#FF0000	-1.52105974266306	-1.52105974266306	test	1789
#FF0000	-0.832332910504192	-0.832332910504192	test	1790
#FF0000	-1.55983769334853	-1.55983769334853	test	1791
#FF0000	-4.91589077282697	-4.91589077282697	test	1792
#FF0000	4.11574990721419	4.11574990721419	test	1793
#FF0000	-3.17794581409544	-3.17794581409544	test	1794
#FF0000	2.22803449025378	2.22803449025378	test	1795
#FF0000	0.719633307307959	0.719633307307959	test	1796
#FF0000	0.400364135857672	0.400364135857672	test	1797
#FF0000	-1.45052584586665	-1.45052584586665	test	1798
#FF0000	3.24091838207096	3.24091838207096	test	1799
#FF0000	-3.13863238785416	-3.13863238785416	test	1800
#000000	4.88909297855571	4.88909297855571	train	1801
#000000	-1.02254546713084	-1.02254546713084	train	1802
#000000	-3.84302221238613	-3.84302221238613	train	1803
#000000	-4.30251321289688	-4.30251321289688	train	1804
#000000	-2.56250609410927	-2.56250609410927	train	1805
#000000	2.92010425822809	2.92010425822809	train	1806
#000000	-1.59937647171319	-1.59937647171319	train	1807
#000000	4.72062500659376	4.72062500659376	train	1808
#000000	-3.34144515451044	-3.34144515451044	train	1809
#000000	-0.408963342197239	-0.408963342197239	train	1810
#FF0000	-3.28251923201606	-3.28251923201606	test	1811
#FF0000	-2.68522898200899	-2.68522898200899	test	1812
#FF0000	2.72811945760623	2.72811945760623	test	1813
#FF0000	-4.03698458336294	-4.03698458336294	test	1814
#FF0000	-0.46552229905501	-0.46552229905501	test	1815
#FF0000	-4.15299287065864	-4.15299287065864	test	1816
#FF0000	0.606658670585603	0.606658670585603	test	1817
#FF0000	-4.91295400075615	-4.91295400075615	test	1818
#FF0000	4.85737090697512	4.85737090697512	test	1819
#FF0000	-1.83415195904672	-1.83415195904672	test	1820
#FF0000	1.3944894191809	1.3944894191809	test	1821
#FF0000	-2.04776764614508	-2.04776764614508	test	1822
#FF0000	4.96703693876043	4.96703693876043	test	1823
#FF0000	4.06021320261061	4.06021320261061	test	1824
#FF0000	4.88739144057035	4.88739144057035	test	1825
#FF0000	-4.3435426056385	-4.3435426056385	test	1826
#FF0000	1.27038758480921	1.27038758480921	test	1827
#FF0000	-0.0952495913952589	-0.0952495913952589	test	1828
#FF0000	4.71024412894622	4.71024412894622	test	1829
#FF0000	-1.37779152486473	-1.37779152486473	test	1830
#FF0000	1.79993461119011	1.79993461119011	test	1831
#FF0000	-2.36280069686472	-2.36280069686472	test	1832
#FF0000	-3.14285738626495	-3.14285738626495	test	1833
#FF0000	-3.14856778364629	-3.14856778364629	test	1834
#FF0000	-1.20703253429383	-1.20703253429383	test	1835
#FF0000	3.47024392103776	3.47024392103776	test	1836
#FF0000	-0.0192386656999588	-0.0192386656999588	test	1837
#FF0000	2.90585573529825	2.90585573529825	test	1838
#FF0000	3.38463871972635	3.38463871972635	test	1839
#FF0000	-0.430961351376027	-0.430961351376027	test	1840
#FF0000	2.994758146815	2.994758146815	test	1841
#FF0000	-1.18056938750669	-1.18056938750669	test	1842
#FF0000	2.59701231494546	2.59701231494546	test	1843
#FF0000	-0.632243978325278	-0.632243978325278	test	1844
#FF0000	4.0421772073023	4.0421772073023	test	1845
#FF0000	-1.80465086130425	-1.80465086130425	test	1846
#FF0000	-4.17430907255039	-4.17430907255039	test	1847
#FF0000	3.16289079375565	3.16289079375565	test	1848
#FF0000	3.98476220667362	3.98476220667362	test	1849
#FF0000	4.66496397741139	4.66496397741139	test	1850
#FF0000	0.730688830371946	0.730688830371946	test	1851
#FF0000	2.20079496502876	2.20079496502876	test	1852
#FF0000	2.74058624170721	2.74058624170721	test	1853
#FF0000	1.27760800532997	1.27760800532997	test	1854
#FF0000	2.22989341476932	2.22989341476932	test	1855
#FF0000	-1.13168721087277	-1.13168721087277	test	1856
#FF0000	-3.37209222139791	-3.37209222139791	test	1857
#FF0000	-3.12771716620773	-3.12771716620773	test	1858
#FF0000	-1.08750525861979	-1.08750525861979	test	1859
#FF0000	-2.26098790299147	-2.26098790299147	test	1860
#FF0000	-3.08082251809537	-3.08082251809537	test	1861
#FF0000	0.0439180643297732	0.0439180643297732	test	1862
#FF0000	2.63840356841683	2.63840356841683	test	1863
#FF0000	1.93668870721012	1.93668870721012	test	1864
#FF0000	0.440541882999241	0.440541882999241	test	1865
#FF0000	1.59087226260453	1.59087226260453	test	1866
#FF0000	-0.312716199550778	-0.312716199550778	test	1867
#FF0000	-0.181944610085338	-0.181944610085338	test	1868
#FF0000	-1.62936401553452	-1.62936401553452	test	1869
#FF0000	-0.754736983217299	-0.754736983217299	test	1870
#FF0000	-2.12984869023785	-2.12984869023785	test	1871
#FF0000	1.0119153209962	1.0119153209962	test	1872
#FF0000	3.40742326341569	3.40742326341569	test	1873
#FF0000	1.20837047696114	1.20837047696114	test	1874
#FF0000	-3.65448380820453	-3.65448380820453	test	1875
#FF0000	0.677224295213819	0.677224295213819	test	1876
#FF0000	-0.565736689604819	-0.565736689604819	test	1877
#FF0000	-0.620245772879571	-0.620245772879571	test	1878
#FF0000	1.23617232544348	1.23617232544348	test	1879
#FF0000	4.32653341908008	4.32653341908008	test	1880
#FF0000	3.88492583297193	3.88492583297193	test	1881
#FF0000	3.78540561068803	3.78540561068803	test	1882
#FF0000	-2.57823052350432	-2.57823052350432	test	1883
#FF0000	2.41453797090799	2.41453797090799	test	1884
#FF0000	-1.12343686632812	-1.12343686632812	test	1885
#FF0000	-4.21048261225224	-4.21048261225224	test	1886
#FF0000	-4.05164449941367	-4.05164449941367	test	1887
#FF0000	2.62142731109634	2.62142731109634	test	1888
#FF0000	-1.52105974266306	-1.52105974266306	test	1889
#FF0000	-0.832332910504192	-0.832332910504192	test	1890
#FF0000	-1.55983769334853	-1.55983769334853	test	1891
#FF0000	-4.91589077282697	-4.91589077282697	test	1892
#FF0000	4.11574990721419	4.11574990721419	test	1893
#FF0000	-3.17794581409544	-3.17794581409544	test	1894
#FF0000	2.22803449025378	2.22803449025378	test	1895
#FF0000	0.719633307307959	0.719633307307959	test	1896
#FF0000	0.400364135857672	0.400364135857672	test	1897
#FF0000	-1.45052584586665	-1.45052584586665	test	1898
#FF0000	3.24091838207096	3.24091838207096	test	1899
#FF0000	-3.13863238785416	-3.13863238785416	test	1900
#000000	4.88909297855571	4.88909297855571	train	1901
#000000	-1.02254546713084	-1.02254546713084	train	1902
#000000	-3.84302221238613	-3.84302221238613	train	1903
#000000	-4.30251321289688	-4.30251321289688	train	1904
#000000	-2.56250609410927	-2.56250609410927	train	1905
#000000	2.92010425822809	2.92010425822809	train	1906
#000000	-1.59937647171319	-1.59937647171319	train	1907
#000000	4.72062500659376	4.72062500659376	train	1908
#000000	-3.34144515451044	-3.34144515451044	train	1909
#000000	-0.408963342197239	-0.408963342197239	train	1910
#FF0000	-3.28251923201606	-3.28251923201606	test	1911
#FF0000	-2.68522898200899	-2.68522898200899	test	1912
#FF0000	2.72811945760623	2.72811945760623	test	1913
#FF0000	-4.03698458336294	-4.03698458336294	test	1914
#FF0000	-0.46552229905501	-0.46552229905501	test	1915
#FF0000	-4.15299287065864	-4.15299287065864	test	1916
#FF0000	0.606658670585603	0.606658670585603	test	1917
#FF0000	-4.91295400075615	-4.91295400075615	test	1918
#FF0000	4.85737090697512	4.85737090697512	test	1919
#FF0000	-1.83415195904672	-1.83415195904672	test	1920
#FF0000	1.3944894191809	1.3944894191809	test	1921
#FF0000	-2.04776764614508	-2.04776764614508	test	1922
#FF0000	4.96703693876043	4.96703693876043	test	1923
#FF0000	4.06021320261061	4.06021320261061	test	1924
#FF0000	4.88739144057035	4.88739144057035	test	1925
#FF0000	-4.3435426056385	-4.3435426056385	test	1926
#FF0000	1.27038758480921	1.27038758480921	test	1927
#FF0000	-0.0952495913952589	-0.0952495913952589	test	1928
#FF0000	4.71024412894622	4.71024412894622	test	1929
#FF0000	-1.37779152486473	-1.37779152486473	test	1930
#FF0000	1.79993461119011	1.79993461119011	test	1931
#FF0000	-2.36280069686472	-2.36280069686472	test	1932
#FF0000	-3.14285738626495	-3.14285738626495	test	1933
#FF0000	-3.14856778364629	-3.14856778364629	test	1934
#FF0000	-1.20703253429383	-1.20703253429383	test	1935
#FF0000	3.47024392103776	3.47024392103776	test	1936
#FF0000	-0.0192386656999588	-0.0192386656999588	test	1937
#FF0000	2.90585573529825	2.90585573529825	test	1938
#FF0000	3.38463871972635	3.38463871972635	test	1939
#FF0000	-0.430961351376027	-0.430961351376027	test	1940
#FF0000	2.994758146815	2.994758146815	test	1941
#FF0000	-1.18056938750669	-1.18056938750669	test	1942
#FF0000	2.59701231494546	2.59701231494546	test	1943
#FF0000	-0.632243978325278	-0.632243978325278	test	1944
#FF0000	4.0421772073023	4.0421772073023	test	1945
#FF0000	-1.80465086130425	-1.80465086130425	test	1946
#FF0000	-4.17430907255039	-4.17430907255039	test	1947
#FF0000	3.16289079375565	3.16289079375565	test	1948
#FF0000	3.98476220667362	3.98476220667362	test	1949
#FF0000	4.66496397741139	4.66496397741139	test	1950
#FF0000	0.730688830371946	0.730688830371946	test	1951
#FF0000	2.20079496502876	2.20079496502876	test	1952
#FF0000	2.74058624170721	2.74058624170721	test	1953
#FF0000	1.27760800532997	1.27760800532997	test	1954
#FF0000	2.22989341476932	2.22989341476932	test	1955
#FF0000	-1.13168721087277	-1.13168721087277	test	1956
#FF0000	-3.37209222139791	-3.37209222139791	test	1957
#FF0000	-3.12771716620773	-3.12771716620773	test	1958
#FF0000	-1.08750525861979	-1.08750525861979	test	1959
#FF0000	-2.26098790299147	-2.26098790299147	test	1960
#FF0000	-3.08082251809537	-3.08082251809537	test	1961
#FF0000	0.0439180643297732	0.0439180643297732	test	1962
#FF0000	2.63840356841683	2.63840356841683	test	1963
#FF0000	1.93668870721012	1.93668870721012	test	1964
#FF0000	0.440541882999241	0.440541882999241	test	1965
#FF0000	1.59087226260453	1.59087226260453	test	1966
#FF0000	-0.312716199550778	-0.312716199550778	test	1967
#FF0000	-0.181944610085338	-0.181944610085338	test	1968
#FF0000	-1.62936401553452	-1.62936401553452	test	1969
#FF0000	-0.754736983217299	-0.754736983217299	test	1970
#FF0000	-2.12984869023785	-2.12984869023785	test	1971
#FF0000	1.0119153209962	1.0119153209962	test	1972
#FF0000	3.40742326341569	3.40742326341569	test	1973
#FF0000	1.20837047696114	1.20837047696114	test	1974
#FF0000	-3.65448380820453	-3.65448380820453	test	1975
#FF0000	0.677224295213819	0.677224295213819	test	1976
#FF0000	-0.565736689604819	-0.565736689604819	test	1977
#FF0000	-0.620245772879571	-0.620245772879571	test	1978
#FF0000	1.23617232544348	1.23617232544348	test	1979
#FF0000	4.32653341908008	4.32653341908008	test	1980
#FF0000	3.88492583297193	3.88492583297193	test	1981
#FF0000	3.78540561068803	3.78540561068803	test	1982
#FF0000	-2.57823052350432	-2.57823052350432	test	1983
#FF0000	2.41453797090799	2.41453797090799	test	1984
#FF0000	-1.12343686632812	-1.12343686632812	test	1985
#FF0000	-4.21048261225224	-4.21048261225224	test	1986
#FF0000	-4.05164449941367	-4.05164449941367	test	1987
#FF0000	2.62142731109634	2.62142731109634	test	1988
#FF0000	-1.52105974266306	-1.52105974266306	test	1989
#FF0000	-0.832332910504192	-0.832332910504192	test	1990
#FF0000	-1.55983769334853	-1.55983769334853	test	1991
#FF0000	-4.91589077282697	-4.91589077282697	test	1992
#FF0000	4.11574990721419	4.11574990721419	test	1993
#FF0000	-3.17794581409544	-3.17794581409544	test	1994
#FF0000	2.22803449025378	2.22803449025378	test	1995
#FF0000	0.719633307307959	0.719633307307959	test	1996
#FF0000	0.400364135857672	0.400364135857672	test	1997
#FF0000	-1.45052584586665	-1.45052584586665	test	1998
#FF0000	3.24091838207096	3.24091838207096	test	1999
#FF0000	-3.13863238785416	-3.13863238785416	test	2000
